 * Serving Flask app 'httpdemo'
 * Debug mode: off
INFO:werkzeug:[31m[1mWARNING: This is a development server. Do not use it in a production deployment. Use a production WSGI server instead.[0m
 * Running on all addresses (0.0.0.0)
 * Running on http://127.0.0.1:5000
 * Running on http://172.24.12.13:5000
INFO:werkzeug:[33mPress CTRL+C to quit[0m
INFO:werkzeug:172.24.12.49 - - [20/Jul/2023 21:01:05] "POST /create HTTP/1.1" 200 -
INFO:root:filename: ./input/imagenet_val_1k/img/ILSVRC2012_val_00005259.JPEG, res: (330, 0.43209514021873474)
INFO:root:filename: ./input/imagenet_val_1k/img/ILSVRC2012_val_00019095.JPEG, res: (663, 0.20235368609428406)
INFO:root:filename: ./input/imagenet_val_1k/img/ILSVRC2012_val_00026728.JPEG, res: (160, 0.49381741881370544)
INFO:root:filename: ./input/imagenet_val_1k/img/ILSVRC2012_val_00046247.JPEG, res: (239, 0.45208778977394104)
INFO:root:filename: ./input/imagenet_val_1k/img/ILSVRC2012_val_00016701.JPEG, res: (851, 0.09554563462734222)
INFO:root:filename: ./input/imagenet_val_1k/img/ILSVRC2012_val_00047465.JPEG, res: (613, 0.30472323298454285)
INFO:root:filename: ./input/imagenet_val_1k/img/ILSVRC2012_val_00038732.JPEG, res: (564, 0.5296584963798523)
INFO:root:filename: ./input/imagenet_val_1k/img/ILSVRC2012_val_00003070.JPEG, res: (47, 0.4113209545612335)
INFO:root:filename: ./input/imagenet_val_1k/img/ILSVRC2012_val_00016189.JPEG, res: (526, 0.13086917996406555)
INFO:root:filename: ./input/imagenet_val_1k/img/ILSVRC2012_val_00046053.JPEG, res: (36, 0.17065198719501495)
INFO:root:filename: ./input/imagenet_val_1k/img/ILSVRC2012_val_00038897.JPEG, res: (512, 0.431045264005661)
INFO:root:filename: ./input/imagenet_val_1k/img/ILSVRC2012_val_00042015.JPEG, res: (309, 0.43910714983940125)
INFO:root:filename: ./input/imagenet_val_1k/img/ILSVRC2012_val_00022699.JPEG, res: (598, 0.3016960918903351)
INFO:root:filename: ./input/imagenet_val_1k/img/ILSVRC2012_val_00039363.JPEG, res: (139, 0.6004400849342346)
INFO:root:filename: ./input/imagenet_val_1k/img/ILSVRC2012_val_00012110.JPEG, res: (823, 0.7028306722640991)
INFO:root:filename: ./input/imagenet_val_1k/img/ILSVRC2012_val_00026426.JPEG, res: (238, 0.1592821478843689)
INFO:root:filename: ./input/imagenet_val_1k/img/ILSVRC2012_val_00029387.JPEG, res: (330, 0.3925591707229614)
INFO:root:filename: ./input/imagenet_val_1k/img/ILSVRC2012_val_00011325.JPEG, res: (342, 0.13853079080581665)
INFO:root:filename: ./input/imagenet_val_1k/img/ILSVRC2012_val_00011271.JPEG, res: (755, 0.3144460916519165)
INFO:root:filename: ./input/imagenet_val_1k/img/ILSVRC2012_val_00020236.JPEG, res: (69, 0.49982693791389465)
INFO:root:filename: ./input/imagenet_val_1k/img/ILSVRC2012_val_00022740.JPEG, res: (379, 0.18476161360740662)
INFO:root:filename: ./input/imagenet_val_1k/img/ILSVRC2012_val_00024974.JPEG, res: (723, 0.16333135962486267)
INFO:root:filename: ./input/imagenet_val_1k/img/ILSVRC2012_val_00049025.JPEG, res: (834, 0.5172632336616516)
INFO:root:filename: ./input/imagenet_val_1k/img/ILSVRC2012_val_00005544.JPEG, res: (74, 0.5211749076843262)
INFO:root:filename: ./input/imagenet_val_1k/img/ILSVRC2012_val_00020523.JPEG, res: (792, 0.7958500385284424)
INFO:root:filename: ./input/imagenet_val_1k/img/ILSVRC2012_val_00026460.JPEG, res: (562, 0.18374092876911163)
INFO:root:filename: ./input/imagenet_val_1k/img/ILSVRC2012_val_00027484.JPEG, res: (61, 0.49143171310424805)
INFO:root:filename: ./input/imagenet_val_1k/img/ILSVRC2012_val_00020736.JPEG, res: (56, 0.15929719805717468)
INFO:root:filename: ./input/imagenet_val_1k/img/ILSVRC2012_val_00047145.JPEG, res: (716, 0.8196948170661926)
INFO:root:filename: ./input/imagenet_val_1k/img/ILSVRC2012_val_00030289.JPEG, res: (280, 0.5291546583175659)
INFO:root:filename: ./input/imagenet_val_1k/img/ILSVRC2012_val_00047533.JPEG, res: (599, 0.488067626953125)
INFO:root:filename: ./input/imagenet_val_1k/img/ILSVRC2012_val_00025770.JPEG, res: (350, 0.4301982522010803)
INFO:root:filename: ./input/imagenet_val_1k/img/ILSVRC2012_val_00030995.JPEG, res: (843, 0.5014778971672058)
INFO:root:filename: ./input/imagenet_val_1k/img/ILSVRC2012_val_00036581.JPEG, res: (123, 0.5213395357131958)
INFO:root:filename: ./input/imagenet_val_1k/img/ILSVRC2012_val_00020189.JPEG, res: (850, 0.35679686069488525)
INFO:root:filename: ./input/imagenet_val_1k/img/ILSVRC2012_val_00013039.JPEG, res: (199, 0.06060747057199478)
INFO:root:filename: ./input/imagenet_val_1k/img/ILSVRC2012_val_00008360.JPEG, res: (408, 0.2552528381347656)
INFO:root:filename: ./input/imagenet_val_1k/img/ILSVRC2012_val_00007643.JPEG, res: (412, 0.1889912486076355)
INFO:root:filename: ./input/imagenet_val_1k/img/ILSVRC2012_val_00033621.JPEG, res: (619, 0.5374826192855835)
INFO:root:filename: ./input/imagenet_val_1k/img/ILSVRC2012_val_00022334.JPEG, res: (86, 0.33923161029815674)
INFO:root:filename: ./input/imagenet_val_1k/img/ILSVRC2012_val_00030550.JPEG, res: (629, 0.25172853469848633)
INFO:root:filename: ./input/imagenet_val_1k/img/ILSVRC2012_val_00017728.JPEG, res: (972, 0.49721089005470276)
INFO:root:filename: ./input/imagenet_val_1k/img/ILSVRC2012_val_00034524.JPEG, res: (658, 0.5835980772972107)
INFO:root:filename: ./input/imagenet_val_1k/img/ILSVRC2012_val_00018262.JPEG, res: (194, 0.6501786112785339)
INFO:root:filename: ./input/imagenet_val_1k/img/ILSVRC2012_val_00017163.JPEG, res: (767, 0.20576563477516174)
INFO:root:filename: ./input/imagenet_val_1k/img/ILSVRC2012_val_00040961.JPEG, res: (209, 0.5608044266700745)
INFO:root:filename: ./input/imagenet_val_1k/img/ILSVRC2012_val_00030023.JPEG, res: (784, 0.09534523636102676)
INFO:root:filename: ./input/imagenet_val_1k/img/ILSVRC2012_val_00009390.JPEG, res: (366, 0.4771106243133545)
INFO:root:filename: ./input/imagenet_val_1k/img/ILSVRC2012_val_00034368.JPEG, res: (325, 0.4651295840740204)
INFO:root:filename: ./input/imagenet_val_1k/img/ILSVRC2012_val_00004840.JPEG, res: (349, 0.3157014548778534)
INFO:root:filename: ./input/imagenet_val_1k/img/ILSVRC2012_val_00041269.JPEG, res: (682, 0.4671854078769684)
INFO:root:filename: ./input/imagenet_val_1k/img/ILSVRC2012_val_00023356.JPEG, res: (431, 0.14477698504924774)
INFO:root:filename: ./input/imagenet_val_1k/img/ILSVRC2012_val_00008353.JPEG, res: (520, 0.5211305618286133)
INFO:root:filename: ./input/imagenet_val_1k/img/ILSVRC2012_val_00035806.JPEG, res: (463, 0.3945031762123108)
INFO:root:filename: ./input/imagenet_val_1k/img/ILSVRC2012_val_00010191.JPEG, res: (411, 0.6710828542709351)
INFO:root:filename: ./input/imagenet_val_1k/img/ILSVRC2012_val_00032802.JPEG, res: (728, 0.17085961997509003)
INFO:root:filename: ./input/imagenet_val_1k/img/ILSVRC2012_val_00006537.JPEG, res: (260, 0.5823359489440918)
INFO:root:filename: ./input/imagenet_val_1k/img/ILSVRC2012_val_00047934.JPEG, res: (780, 0.5185080766677856)
INFO:root:filename: ./input/imagenet_val_1k/img/ILSVRC2012_val_00007308.JPEG, res: (429, 0.6819124817848206)
INFO:root:filename: ./input/imagenet_val_1k/img/ILSVRC2012_val_00007937.JPEG, res: (64, 0.33251574635505676)
INFO:root:filename: ./input/imagenet_val_1k/img/ILSVRC2012_val_00003188.JPEG, res: (590, 0.3838466703891754)
INFO:root:filename: ./input/imagenet_val_1k/img/ILSVRC2012_val_00006225.JPEG, res: (358, 0.16751442849636078)
INFO:root:filename: ./input/imagenet_val_1k/img/ILSVRC2012_val_00015637.JPEG, res: (411, 0.48292797803878784)
INFO:root:filename: ./input/imagenet_val_1k/img/ILSVRC2012_val_00047978.JPEG, res: (111, 0.6206124424934387)
INFO:root:filename: ./input/imagenet_val_1k/img/ILSVRC2012_val_00017788.JPEG, res: (743, 0.35746195912361145)
INFO:root:filename: ./input/imagenet_val_1k/img/ILSVRC2012_val_00036318.JPEG, res: (892, 0.48529544472694397)
INFO:root:filename: ./input/imagenet_val_1k/img/ILSVRC2012_val_00004876.JPEG, res: (538, 0.1696677953004837)
INFO:root:filename: ./input/imagenet_val_1k/img/ILSVRC2012_val_00038985.JPEG, res: (633, 0.6778911352157593)
INFO:root:filename: ./input/imagenet_val_1k/img/ILSVRC2012_val_00022390.JPEG, res: (257, 0.4477274417877197)
INFO:root:filename: ./input/imagenet_val_1k/img/ILSVRC2012_val_00015143.JPEG, res: (975, 0.24718429148197174)
INFO:root:filename: ./input/imagenet_val_1k/img/ILSVRC2012_val_00029430.JPEG, res: (20, 0.48016250133514404)
INFO:root:filename: ./input/imagenet_val_1k/img/ILSVRC2012_val_00022769.JPEG, res: (81, 0.37485721707344055)
INFO:root:filename: ./input/imagenet_val_1k/img/ILSVRC2012_val_00001996.JPEG, res: (583, 0.46085911989212036)
INFO:root:filename: ./input/imagenet_val_1k/img/ILSVRC2012_val_00024829.JPEG, res: (798, 0.3882976472377777)
INFO:root:filename: ./input/imagenet_val_1k/img/ILSVRC2012_val_00012312.JPEG, res: (634, 0.5171096324920654)
INFO:root:filename: ./input/imagenet_val_1k/img/ILSVRC2012_val_00015544.JPEG, res: (403, 0.58551025390625)
INFO:root:filename: ./input/imagenet_val_1k/img/ILSVRC2012_val_00019205.JPEG, res: (459, 0.23922008275985718)
INFO:root:filename: ./input/imagenet_val_1k/img/ILSVRC2012_val_00001862.JPEG, res: (168, 0.3476575016975403)
INFO:root:filename: ./input/imagenet_val_1k/img/ILSVRC2012_val_00038219.JPEG, res: (419, 0.1584385186433792)
INFO:root:filename: ./input/imagenet_val_1k/img/ILSVRC2012_val_00020516.JPEG, res: (729, 0.06524570286273956)
INFO:root:filename: ./input/imagenet_val_1k/img/ILSVRC2012_val_00040486.JPEG, res: (387, 0.5038108229637146)
INFO:root:filename: ./input/imagenet_val_1k/img/ILSVRC2012_val_00026117.JPEG, res: (621, 0.8004646897315979)
INFO:root:filename: ./input/imagenet_val_1k/img/ILSVRC2012_val_00012314.JPEG, res: (90, 0.4257849454879761)
INFO:root:filename: ./input/imagenet_val_1k/img/ILSVRC2012_val_00005195.JPEG, res: (748, 0.11052153259515762)
INFO:root:filename: ./input/imagenet_val_1k/img/ILSVRC2012_val_00045897.JPEG, res: (793, 0.45828092098236084)
INFO:root:filename: ./input/imagenet_val_1k/img/ILSVRC2012_val_00037185.JPEG, res: (174, 0.32806694507598877)
INFO:root:filename: ./input/imagenet_val_1k/img/ILSVRC2012_val_00008658.JPEG, res: (196, 0.2782466411590576)
INFO:root:filename: ./input/imagenet_val_1k/img/ILSVRC2012_val_00030037.JPEG, res: (581, 0.27681851387023926)
INFO:root:filename: ./input/imagenet_val_1k/img/ILSVRC2012_val_00033511.JPEG, res: (669, 0.6884270906448364)
INFO:root:filename: ./input/imagenet_val_1k/img/ILSVRC2012_val_00007239.JPEG, res: (624, 0.09854661673307419)
INFO:root:filename: ./input/imagenet_val_1k/img/ILSVRC2012_val_00045408.JPEG, res: (89, 0.42875614762306213)
INFO:root:filename: ./input/imagenet_val_1k/img/ILSVRC2012_val_00045884.JPEG, res: (209, 0.47618937492370605)
INFO:root:filename: ./input/imagenet_val_1k/img/ILSVRC2012_val_00002163.JPEG, res: (34, 0.5482815504074097)
INFO:root:filename: ./input/imagenet_val_1k/img/ILSVRC2012_val_00012652.JPEG, res: (927, 0.37329551577568054)
INFO:root:filename: ./input/imagenet_val_1k/img/ILSVRC2012_val_00010248.JPEG, res: (105, 0.45595046877861023)
INFO:root:filename: ./input/imagenet_val_1k/img/ILSVRC2012_val_00009026.JPEG, res: (437, 0.42901816964149475)
INFO:root:filename: ./input/imagenet_val_1k/img/ILSVRC2012_val_00028854.JPEG, res: (134, 0.8491894602775574)
INFO:root:filename: ./input/imagenet_val_1k/img/ILSVRC2012_val_00032207.JPEG, res: (354, 0.4816189408302307)
INFO:root:filename: ./input/imagenet_val_1k/img/ILSVRC2012_val_00004680.JPEG, res: (411, 0.3451146185398102)
INFO:root:filename: ./input/imagenet_val_1k/img/ILSVRC2012_val_00024752.JPEG, res: (771, 0.4874318838119507)
INFO:root:filename: ./input/imagenet_val_1k/img/ILSVRC2012_val_00018598.JPEG, res: (867, 0.37985652685165405)
INFO:root:filename: ./input/imagenet_val_1k/img/ILSVRC2012_val_00018814.JPEG, res: (865, 0.11843179911375046)
INFO:root:filename: ./input/imagenet_val_1k/img/ILSVRC2012_val_00045057.JPEG, res: (889, 0.39761999249458313)
INFO:root:filename: ./input/imagenet_val_1k/img/ILSVRC2012_val_00026821.JPEG, res: (730, 0.6606991291046143)
INFO:root:filename: ./input/imagenet_val_1k/img/ILSVRC2012_val_00049696.JPEG, res: (397, 0.4763171076774597)
INFO:root:filename: ./input/imagenet_val_1k/img/ILSVRC2012_val_00001744.JPEG, res: (124, 0.5669559836387634)
INFO:root:filename: ./input/imagenet_val_1k/img/ILSVRC2012_val_00006587.JPEG, res: (793, 0.24888019263744354)
INFO:root:filename: ./input/imagenet_val_1k/img/ILSVRC2012_val_00012514.JPEG, res: (606, 0.19257062673568726)
INFO:root:filename: ./input/imagenet_val_1k/img/ILSVRC2012_val_00026944.JPEG, res: (263, 0.5578411817550659)
INFO:root:filename: ./input/imagenet_val_1k/img/ILSVRC2012_val_00004114.JPEG, res: (548, 0.3797788918018341)
INFO:root:filename: ./input/imagenet_val_1k/img/ILSVRC2012_val_00037333.JPEG, res: (179, 0.26644036173820496)
INFO:root:filename: ./input/imagenet_val_1k/img/ILSVRC2012_val_00015651.JPEG, res: (436, 0.41255488991737366)
INFO:root:filename: ./input/imagenet_val_1k/img/ILSVRC2012_val_00002361.JPEG, res: (401, 0.34514784812927246)
INFO:root:filename: ./input/imagenet_val_1k/img/ILSVRC2012_val_00008859.JPEG, res: (153, 0.17991550266742706)
INFO:root:filename: ./input/imagenet_val_1k/img/ILSVRC2012_val_00032031.JPEG, res: (430, 0.6142463684082031)
INFO:root:filename: ./input/imagenet_val_1k/img/ILSVRC2012_val_00013232.JPEG, res: (434, 0.6101002097129822)
INFO:root:filename: ./input/imagenet_val_1k/img/ILSVRC2012_val_00047691.JPEG, res: (398, 0.6074731945991516)
INFO:root:filename: ./input/imagenet_val_1k/img/ILSVRC2012_val_00022828.JPEG, res: (674, 0.33306658267974854)
INFO:root:filename: ./input/imagenet_val_1k/img/ILSVRC2012_val_00037777.JPEG, res: (718, 0.816053569316864)
INFO:root:filename: ./input/imagenet_val_1k/img/ILSVRC2012_val_00014314.JPEG, res: (617, 0.215679332613945)
INFO:root:filename: ./input/imagenet_val_1k/img/ILSVRC2012_val_00010758.JPEG, res: (218, 0.4460598826408386)
INFO:root:filename: ./input/imagenet_val_1k/img/ILSVRC2012_val_00020149.JPEG, res: (169, 0.38289815187454224)
INFO:root:filename: ./input/imagenet_val_1k/img/ILSVRC2012_val_00039117.JPEG, res: (347, 0.6676737070083618)
INFO:root:filename: ./input/imagenet_val_1k/img/ILSVRC2012_val_00008040.JPEG, res: (500, 0.3862942159175873)
INFO:root:filename: ./input/imagenet_val_1k/img/ILSVRC2012_val_00044261.JPEG, res: (563, 0.2627277672290802)
INFO:root:filename: ./input/imagenet_val_1k/img/ILSVRC2012_val_00005073.JPEG, res: (259, 0.48362499475479126)
INFO:root:filename: ./input/imagenet_val_1k/img/ILSVRC2012_val_00015025.JPEG, res: (321, 0.44256579875946045)
INFO:root:filename: ./input/imagenet_val_1k/img/ILSVRC2012_val_00043459.JPEG, res: (661, 0.14666447043418884)
INFO:root:filename: ./input/imagenet_val_1k/img/ILSVRC2012_val_00031433.JPEG, res: (229, 0.2764648199081421)
INFO:root:filename: ./input/imagenet_val_1k/img/ILSVRC2012_val_00040676.JPEG, res: (154, 0.4565388262271881)
INFO:root:filename: ./input/imagenet_val_1k/img/ILSVRC2012_val_00029009.JPEG, res: (852, 0.2007405012845993)
INFO:root:filename: ./input/imagenet_val_1k/img/ILSVRC2012_val_00046841.JPEG, res: (355, 0.4386644661426544)
INFO:root:filename: ./input/imagenet_val_1k/img/ILSVRC2012_val_00021959.JPEG, res: (913, 0.6076101064682007)
INFO:root:filename: ./input/imagenet_val_1k/img/ILSVRC2012_val_00018149.JPEG, res: (308, 0.4343773126602173)
INFO:root:filename: ./input/imagenet_val_1k/img/ILSVRC2012_val_00031088.JPEG, res: (685, 0.1673566848039627)
INFO:root:filename: ./input/imagenet_val_1k/img/ILSVRC2012_val_00025359.JPEG, res: (557, 0.5018911957740784)
INFO:root:filename: ./input/imagenet_val_1k/img/ILSVRC2012_val_00041647.JPEG, res: (362, 0.5640813112258911)
INFO:root:filename: ./input/imagenet_val_1k/img/ILSVRC2012_val_00030085.JPEG, res: (916, 0.4579383134841919)
INFO:root:filename: ./input/imagenet_val_1k/img/ILSVRC2012_val_00024186.JPEG, res: (256, 0.4044061601161957)
INFO:root:filename: ./input/imagenet_val_1k/img/ILSVRC2012_val_00047518.JPEG, res: (191, 0.18425557017326355)
INFO:root:filename: ./input/imagenet_val_1k/img/ILSVRC2012_val_00002613.JPEG, res: (760, 0.3869774043560028)
INFO:root:filename: ./input/imagenet_val_1k/img/ILSVRC2012_val_00029692.JPEG, res: (128, 0.359245240688324)
INFO:root:filename: ./input/imagenet_val_1k/img/ILSVRC2012_val_00006646.JPEG, res: (258, 0.46197837591171265)
INFO:root:filename: ./input/imagenet_val_1k/img/ILSVRC2012_val_00019417.JPEG, res: (273, 0.3259470462799072)
INFO:root:filename: ./input/imagenet_val_1k/img/ILSVRC2012_val_00014085.JPEG, res: (816, 0.2723109722137451)
INFO:root:filename: ./input/imagenet_val_1k/img/ILSVRC2012_val_00023729.JPEG, res: (157, 0.42761167883872986)
INFO:root:filename: ./input/imagenet_val_1k/img/ILSVRC2012_val_00013789.JPEG, res: (122, 0.2982085049152374)
INFO:root:filename: ./input/imagenet_val_1k/img/ILSVRC2012_val_00005553.JPEG, res: (83, 0.6070383191108704)
INFO:root:filename: ./input/imagenet_val_1k/img/ILSVRC2012_val_00017684.JPEG, res: (173, 0.32250088453292847)
INFO:root:filename: ./input/imagenet_val_1k/img/ILSVRC2012_val_00026781.JPEG, res: (538, 0.2975117862224579)
INFO:root:filename: ./input/imagenet_val_1k/img/ILSVRC2012_val_00032168.JPEG, res: (575, 0.5039223432540894)
INFO:root:filename: ./input/imagenet_val_1k/img/ILSVRC2012_val_00031744.JPEG, res: (574, 0.4747553765773773)
INFO:root:filename: ./input/imagenet_val_1k/img/ILSVRC2012_val_00019624.JPEG, res: (914, 0.33857008814811707)
INFO:root:filename: ./input/imagenet_val_1k/img/ILSVRC2012_val_00022253.JPEG, res: (428, 0.35854002833366394)
INFO:root:filename: ./input/imagenet_val_1k/img/ILSVRC2012_val_00039105.JPEG, res: (381, 0.5188765525817871)
INFO:root:filename: ./input/imagenet_val_1k/img/ILSVRC2012_val_00018757.JPEG, res: (114, 0.3498002886772156)
INFO:root:filename: ./input/imagenet_val_1k/img/ILSVRC2012_val_00045290.JPEG, res: (524, 0.20546239614486694)
INFO:root:filename: ./input/imagenet_val_1k/img/ILSVRC2012_val_00046541.JPEG, res: (66, 0.43137693405151367)
INFO:root:filename: ./input/imagenet_val_1k/img/ILSVRC2012_val_00022508.JPEG, res: (75, 0.4167708456516266)
INFO:root:filename: ./input/imagenet_val_1k/img/ILSVRC2012_val_00046038.JPEG, res: (731, 0.4150380492210388)
INFO:root:filename: ./input/imagenet_val_1k/img/ILSVRC2012_val_00049496.JPEG, res: (816, 0.4190676510334015)
INFO:root:filename: ./input/imagenet_val_1k/img/ILSVRC2012_val_00043261.JPEG, res: (186, 0.2721032202243805)
INFO:root:filename: ./input/imagenet_val_1k/img/ILSVRC2012_val_00043589.JPEG, res: (447, 0.5567323565483093)
INFO:root:filename: ./input/imagenet_val_1k/img/ILSVRC2012_val_00049030.JPEG, res: (334, 0.46022409200668335)
INFO:root:filename: ./input/imagenet_val_1k/img/ILSVRC2012_val_00011886.JPEG, res: (449, 0.5743315815925598)
INFO:root:filename: ./input/imagenet_val_1k/img/ILSVRC2012_val_00032283.JPEG, res: (297, 0.5264959931373596)
INFO:root:filename: ./input/imagenet_val_1k/img/ILSVRC2012_val_00048694.JPEG, res: (210, 0.3755970001220703)
INFO:root:filename: ./input/imagenet_val_1k/img/ILSVRC2012_val_00043551.JPEG, res: (547, 0.42199820280075073)
INFO:root:filename: ./input/imagenet_val_1k/img/ILSVRC2012_val_00014883.JPEG, res: (130, 0.535710871219635)
INFO:root:filename: ./input/imagenet_val_1k/img/ILSVRC2012_val_00011193.JPEG, res: (536, 0.15419326722621918)
INFO:root:filename: ./input/imagenet_val_1k/img/ILSVRC2012_val_00046471.JPEG, res: (429, 0.5564213991165161)
INFO:root:filename: ./input/imagenet_val_1k/img/ILSVRC2012_val_00029365.JPEG, res: (134, 0.4428147077560425)
INFO:root:filename: ./input/imagenet_val_1k/img/ILSVRC2012_val_00039010.JPEG, res: (164, 0.35045143961906433)
INFO:root:filename: ./input/imagenet_val_1k/img/ILSVRC2012_val_00048930.JPEG, res: (720, 0.598055362701416)
INFO:root:filename: ./input/imagenet_val_1k/img/ILSVRC2012_val_00002153.JPEG, res: (992, 0.516403079032898)
INFO:root:filename: ./input/imagenet_val_1k/img/ILSVRC2012_val_00015061.JPEG, res: (445, 0.31921398639678955)
INFO:root:filename: ./input/imagenet_val_1k/img/ILSVRC2012_val_00009554.JPEG, res: (136, 0.4659474194049835)
INFO:root:filename: ./input/imagenet_val_1k/img/ILSVRC2012_val_00021141.JPEG, res: (874, 0.16426382958889008)
INFO:root:filename: ./input/imagenet_val_1k/img/ILSVRC2012_val_00004034.JPEG, res: (491, 0.21966688334941864)
INFO:root:filename: ./input/imagenet_val_1k/img/ILSVRC2012_val_00002760.JPEG, res: (750, 0.21702243387699127)
INFO:root:filename: ./input/imagenet_val_1k/img/ILSVRC2012_val_00030137.JPEG, res: (568, 0.6153302192687988)
INFO:root:filename: ./input/imagenet_val_1k/img/ILSVRC2012_val_00008403.JPEG, res: (893, 0.4928149878978729)
INFO:root:filename: ./input/imagenet_val_1k/img/ILSVRC2012_val_00035646.JPEG, res: (846, 0.2584511339664459)
INFO:root:filename: ./input/imagenet_val_1k/img/ILSVRC2012_val_00017404.JPEG, res: (182, 0.44426101446151733)
INFO:root:filename: ./input/imagenet_val_1k/img/ILSVRC2012_val_00022829.JPEG, res: (730, 0.2624235153198242)
INFO:root:filename: ./input/imagenet_val_1k/img/ILSVRC2012_val_00006607.JPEG, res: (709, 0.24433204531669617)
INFO:root:filename: ./input/imagenet_val_1k/img/ILSVRC2012_val_00034310.JPEG, res: (999, 0.5304732918739319)
INFO:root:filename: ./input/imagenet_val_1k/img/ILSVRC2012_val_00010870.JPEG, res: (58, 0.33882537484169006)
INFO:root:filename: ./input/imagenet_val_1k/img/ILSVRC2012_val_00009885.JPEG, res: (618, 0.4081107974052429)
INFO:root:filename: ./input/imagenet_val_1k/img/ILSVRC2012_val_00039247.JPEG, res: (166, 0.2778063118457794)
INFO:root:filename: ./input/imagenet_val_1k/img/ILSVRC2012_val_00029901.JPEG, res: (425, 0.4970082640647888)
INFO:root:filename: ./input/imagenet_val_1k/img/ILSVRC2012_val_00023154.JPEG, res: (93, 0.4019691050052643)
INFO:root:filename: ./input/imagenet_val_1k/img/ILSVRC2012_val_00047966.JPEG, res: (953, 0.4819624423980713)
INFO:root:filename: ./input/imagenet_val_1k/img/ILSVRC2012_val_00014361.JPEG, res: (132, 0.419882208108902)
INFO:root:filename: ./input/imagenet_val_1k/img/ILSVRC2012_val_00004029.JPEG, res: (633, 0.9789360165596008)
INFO:root:filename: ./input/imagenet_val_1k/img/ILSVRC2012_val_00036831.JPEG, res: (819, 0.027438834309577942)
INFO:root:filename: ./input/imagenet_val_1k/img/ILSVRC2012_val_00027239.JPEG, res: (710, 0.05144277960062027)
INFO:root:filename: ./input/imagenet_val_1k/img/ILSVRC2012_val_00045536.JPEG, res: (534, 0.9236509799957275)
INFO:root:filename: ./input/imagenet_val_1k/img/ILSVRC2012_val_00012954.JPEG, res: (207, 0.21479938924312592)
INFO:root:filename: ./input/imagenet_val_1k/img/ILSVRC2012_val_00007003.JPEG, res: (992, 0.49604398012161255)
INFO:root:filename: ./input/imagenet_val_1k/img/ILSVRC2012_val_00011007.JPEG, res: (451, 0.5830235481262207)
INFO:root:filename: ./input/imagenet_val_1k/img/ILSVRC2012_val_00023824.JPEG, res: (215, 0.4734089970588684)
INFO:root:filename: ./input/imagenet_val_1k/img/ILSVRC2012_val_00047008.JPEG, res: (583, 0.5854541063308716)
INFO:root:filename: ./input/imagenet_val_1k/img/ILSVRC2012_val_00002178.JPEG, res: (409, 0.2545689344406128)
INFO:root:filename: ./input/imagenet_val_1k/img/ILSVRC2012_val_00043284.JPEG, res: (565, 0.7429805397987366)
INFO:root:filename: ./input/imagenet_val_1k/img/ILSVRC2012_val_00032372.JPEG, res: (125, 0.37544548511505127)
INFO:root:filename: ./input/imagenet_val_1k/img/ILSVRC2012_val_00003330.JPEG, res: (22, 0.30848875641822815)
INFO:root:filename: ./input/imagenet_val_1k/img/ILSVRC2012_val_00019903.JPEG, res: (611, 0.4372166097164154)
INFO:root:filename: ./input/imagenet_val_1k/img/ILSVRC2012_val_00001887.JPEG, res: (71, 0.6121832132339478)
INFO:root:filename: ./input/imagenet_val_1k/img/ILSVRC2012_val_00004792.JPEG, res: (693, 0.8509882092475891)
INFO:root:filename: ./input/imagenet_val_1k/img/ILSVRC2012_val_00048362.JPEG, res: (628, 0.5725006461143494)
INFO:root:filename: ./input/imagenet_val_1k/img/ILSVRC2012_val_00044226.JPEG, res: (692, 0.6070505976676941)
INFO:root:filename: ./input/imagenet_val_1k/img/ILSVRC2012_val_00025590.JPEG, res: (518, 0.45186707377433777)
INFO:root:filename: ./input/imagenet_val_1k/img/ILSVRC2012_val_00036914.JPEG, res: (695, 0.20235854387283325)
INFO:root:filename: ./input/imagenet_val_1k/img/ILSVRC2012_val_00040433.JPEG, res: (746, 0.549412190914154)
INFO:root:filename: ./input/imagenet_val_1k/img/ILSVRC2012_val_00042511.JPEG, res: (350, 0.32749366760253906)
INFO:root:filename: ./input/imagenet_val_1k/img/ILSVRC2012_val_00006907.JPEG, res: (20, 0.36810004711151123)
INFO:root:filename: ./input/imagenet_val_1k/img/ILSVRC2012_val_00002298.JPEG, res: (218, 0.4561728239059448)
INFO:root:filename: ./input/imagenet_val_1k/img/ILSVRC2012_val_00046178.JPEG, res: (707, 0.1378398984670639)
INFO:root:filename: ./input/imagenet_val_1k/img/ILSVRC2012_val_00019291.JPEG, res: (629, 0.3920331299304962)
INFO:root:filename: ./input/imagenet_val_1k/img/ILSVRC2012_val_00007485.JPEG, res: (905, 0.2075204700231552)
INFO:root:filename: ./input/imagenet_val_1k/img/ILSVRC2012_val_00005604.JPEG, res: (340, 0.5456559658050537)
INFO:root:filename: ./input/imagenet_val_1k/img/ILSVRC2012_val_00007654.JPEG, res: (260, 0.12963105738162994)
INFO:root:filename: ./input/imagenet_val_1k/img/ILSVRC2012_val_00017303.JPEG, res: (374, 0.2879854738712311)
INFO:root:filename: ./input/imagenet_val_1k/img/ILSVRC2012_val_00029930.JPEG, res: (0, 0.5557156801223755)
INFO:root:filename: ./input/imagenet_val_1k/img/ILSVRC2012_val_00027251.JPEG, res: (725, 0.21493306756019592)
INFO:root:filename: ./input/imagenet_val_1k/img/ILSVRC2012_val_00033331.JPEG, res: (101, 0.27260109782218933)
INFO:root:filename: ./input/imagenet_val_1k/img/ILSVRC2012_val_00031505.JPEG, res: (869, 0.20614461600780487)
INFO:root:filename: ./input/imagenet_val_1k/img/ILSVRC2012_val_00004549.JPEG, res: (199, 0.46914389729499817)
INFO:root:filename: ./input/imagenet_val_1k/img/ILSVRC2012_val_00019395.JPEG, res: (572, 0.19607235491275787)
INFO:root:filename: ./input/imagenet_val_1k/img/ILSVRC2012_val_00022474.JPEG, res: (234, 0.42550283670425415)
INFO:root:filename: ./input/imagenet_val_1k/img/ILSVRC2012_val_00027652.JPEG, res: (320, 0.34662875533103943)
INFO:root:filename: ./input/imagenet_val_1k/img/ILSVRC2012_val_00031498.JPEG, res: (870, 0.14920412003993988)
INFO:root:filename: ./input/imagenet_val_1k/img/ILSVRC2012_val_00022939.JPEG, res: (462, 0.0660477951169014)
INFO:root:filename: ./input/imagenet_val_1k/img/ILSVRC2012_val_00038301.JPEG, res: (328, 0.2742713987827301)
INFO:root:filename: ./input/imagenet_val_1k/img/ILSVRC2012_val_00006191.JPEG, res: (241, 0.2904016375541687)
INFO:root:filename: ./input/imagenet_val_1k/img/ILSVRC2012_val_00037125.JPEG, res: (647, 0.5306571125984192)
INFO:root:filename: ./input/imagenet_val_1k/img/ILSVRC2012_val_00043204.JPEG, res: (939, 0.4953359067440033)
INFO:root:filename: ./input/imagenet_val_1k/img/ILSVRC2012_val_00044991.JPEG, res: (115, 0.623572051525116)
INFO:root:filename: ./input/imagenet_val_1k/img/ILSVRC2012_val_00036238.JPEG, res: (372, 0.3875128924846649)
INFO:root:filename: ./input/imagenet_val_1k/img/ILSVRC2012_val_00046427.JPEG, res: (30, 0.7039722800254822)
INFO:root:filename: ./input/imagenet_val_1k/img/ILSVRC2012_val_00046164.JPEG, res: (893, 0.5658687353134155)
INFO:root:filename: ./input/imagenet_val_1k/img/ILSVRC2012_val_00039534.JPEG, res: (2, 0.26906368136405945)
INFO:root:filename: ./input/imagenet_val_1k/img/ILSVRC2012_val_00013304.JPEG, res: (976, 0.42791739106178284)
INFO:root:filename: ./input/imagenet_val_1k/img/ILSVRC2012_val_00036960.JPEG, res: (586, 0.2836613953113556)
INFO:root:filename: ./input/imagenet_val_1k/img/ILSVRC2012_val_00012070.JPEG, res: (597, 0.15682227909564972)
INFO:root:filename: ./input/imagenet_val_1k/img/ILSVRC2012_val_00042570.JPEG, res: (290, 0.4241657555103302)
INFO:root:filename: ./input/imagenet_val_1k/img/ILSVRC2012_val_00022677.JPEG, res: (672, 0.4209984242916107)
INFO:root:filename: ./input/imagenet_val_1k/img/ILSVRC2012_val_00036971.JPEG, res: (48, 0.4588070213794708)
INFO:root:filename: ./input/imagenet_val_1k/img/ILSVRC2012_val_00043924.JPEG, res: (343, 0.37661853432655334)
INFO:root:filename: ./input/imagenet_val_1k/img/ILSVRC2012_val_00049534.JPEG, res: (275, 0.3904890716075897)
INFO:root:filename: ./input/imagenet_val_1k/img/ILSVRC2012_val_00006077.JPEG, res: (215, 0.2566646635532379)
INFO:root:filename: ./input/imagenet_val_1k/img/ILSVRC2012_val_00013017.JPEG, res: (507, 0.3284126818180084)
INFO:root:filename: ./input/imagenet_val_1k/img/ILSVRC2012_val_00047735.JPEG, res: (946, 0.5587166547775269)
INFO:root:filename: ./input/imagenet_val_1k/img/ILSVRC2012_val_00049174.JPEG, res: (700, 0.17701314389705658)
INFO:root:filename: ./input/imagenet_val_1k/img/ILSVRC2012_val_00008214.JPEG, res: (244, 0.35318636894226074)
INFO:root:filename: ./input/imagenet_val_1k/img/ILSVRC2012_val_00047324.JPEG, res: (176, 0.24239598214626312)
INFO:root:filename: ./input/imagenet_val_1k/img/ILSVRC2012_val_00020492.JPEG, res: (394, 0.6683156490325928)
INFO:root:filename: ./input/imagenet_val_1k/img/ILSVRC2012_val_00003348.JPEG, res: (92, 0.47958236932754517)
INFO:root:filename: ./input/imagenet_val_1k/img/ILSVRC2012_val_00022782.JPEG, res: (906, 0.2611284554004669)
INFO:root:filename: ./input/imagenet_val_1k/img/ILSVRC2012_val_00023509.JPEG, res: (617, 0.27860525250434875)
INFO:root:filename: ./input/imagenet_val_1k/img/ILSVRC2012_val_00028719.JPEG, res: (672, 0.7085309028625488)
INFO:root:filename: ./input/imagenet_val_1k/img/ILSVRC2012_val_00012529.JPEG, res: (778, 0.17713844776153564)
INFO:root:filename: ./input/imagenet_val_1k/img/ILSVRC2012_val_00033349.JPEG, res: (486, 0.30718982219696045)
INFO:root:filename: ./input/imagenet_val_1k/img/ILSVRC2012_val_00046706.JPEG, res: (407, 0.5525078773498535)
INFO:root:filename: ./input/imagenet_val_1k/img/ILSVRC2012_val_00008107.JPEG, res: (715, 0.17241396009922028)
INFO:root:filename: ./input/imagenet_val_1k/img/ILSVRC2012_val_00026788.JPEG, res: (548, 0.4358178675174713)
INFO:root:filename: ./input/imagenet_val_1k/img/ILSVRC2012_val_00026399.JPEG, res: (34, 0.6482537984848022)
INFO:root:filename: ./input/imagenet_val_1k/img/ILSVRC2012_val_00030744.JPEG, res: (985, 0.4041462540626526)
INFO:root:filename: ./input/imagenet_val_1k/img/ILSVRC2012_val_00014279.JPEG, res: (329, 0.35287657380104065)
INFO:root:filename: ./input/imagenet_val_1k/img/ILSVRC2012_val_00032569.JPEG, res: (663, 0.734427809715271)
INFO:root:filename: ./input/imagenet_val_1k/img/ILSVRC2012_val_00012410.JPEG, res: (81, 0.6196821928024292)
INFO:root:filename: ./input/imagenet_val_1k/img/ILSVRC2012_val_00043137.JPEG, res: (629, 0.44780948758125305)
INFO:root:filename: ./input/imagenet_val_1k/img/ILSVRC2012_val_00000232.JPEG, res: (469, 0.07003156840801239)
INFO:root:filename: ./input/imagenet_val_1k/img/ILSVRC2012_val_00006727.JPEG, res: (122, 0.35569438338279724)
INFO:root:filename: ./input/imagenet_val_1k/img/ILSVRC2012_val_00023075.JPEG, res: (801, 0.47521793842315674)
INFO:root:filename: ./input/imagenet_val_1k/img/ILSVRC2012_val_00047715.JPEG, res: (644, 0.3812565803527832)
INFO:root:filename: ./input/imagenet_val_1k/img/ILSVRC2012_val_00036214.JPEG, res: (952, 0.5396273136138916)
INFO:root:filename: ./input/imagenet_val_1k/img/ILSVRC2012_val_00035420.JPEG, res: (141, 0.4805063307285309)
INFO:root:filename: ./input/imagenet_val_1k/img/ILSVRC2012_val_00044449.JPEG, res: (523, 0.17513300478458405)
INFO:root:filename: ./input/imagenet_val_1k/img/ILSVRC2012_val_00006985.JPEG, res: (850, 0.5521588325500488)
INFO:root:filename: ./input/imagenet_val_1k/img/ILSVRC2012_val_00029688.JPEG, res: (488, 0.2896304130554199)
INFO:root:filename: ./input/imagenet_val_1k/img/ILSVRC2012_val_00013510.JPEG, res: (836, 0.2520599663257599)
INFO:root:filename: ./input/imagenet_val_1k/img/ILSVRC2012_val_00034409.JPEG, res: (534, 0.5018748641014099)
INFO:root:filename: ./input/imagenet_val_1k/img/ILSVRC2012_val_00021846.JPEG, res: (239, 0.24249449372291565)
INFO:root:filename: ./input/imagenet_val_1k/img/ILSVRC2012_val_00032937.JPEG, res: (327, 0.3507360517978668)
INFO:root:filename: ./input/imagenet_val_1k/img/ILSVRC2012_val_00004164.JPEG, res: (75, 0.6551462411880493)
INFO:root:filename: ./input/imagenet_val_1k/img/ILSVRC2012_val_00006530.JPEG, res: (609, 0.09044389426708221)
INFO:root:filename: ./input/imagenet_val_1k/img/ILSVRC2012_val_00038748.JPEG, res: (740, 0.3297135531902313)
INFO:root:filename: ./input/imagenet_val_1k/img/ILSVRC2012_val_00018631.JPEG, res: (502, 0.22475814819335938)
INFO:root:filename: ./input/imagenet_val_1k/img/ILSVRC2012_val_00010478.JPEG, res: (393, 0.483161985874176)
INFO:root:filename: ./input/imagenet_val_1k/img/ILSVRC2012_val_00041661.JPEG, res: (993, 0.16630369424819946)
INFO:root:filename: ./input/imagenet_val_1k/img/ILSVRC2012_val_00045920.JPEG, res: (238, 0.42796194553375244)
INFO:root:filename: ./input/imagenet_val_1k/img/ILSVRC2012_val_00030133.JPEG, res: (665, 0.5635474920272827)
INFO:root:filename: ./input/imagenet_val_1k/img/ILSVRC2012_val_00025284.JPEG, res: (576, 0.45303481817245483)
INFO:root:filename: ./input/imagenet_val_1k/img/ILSVRC2012_val_00038117.JPEG, res: (947, 0.030363433063030243)
INFO:root:filename: ./input/imagenet_val_1k/img/ILSVRC2012_val_00024321.JPEG, res: (253, 0.05929972976446152)
INFO:root:filename: ./input/imagenet_val_1k/img/ILSVRC2012_val_00009525.JPEG, res: (186, 0.3578838109970093)
INFO:root:filename: ./input/imagenet_val_1k/img/ILSVRC2012_val_00020875.JPEG, res: (132, 0.48746898770332336)
INFO:root:filename: ./input/imagenet_val_1k/img/ILSVRC2012_val_00002218.JPEG, res: (583, 0.28238728642463684)
INFO:root:filename: ./input/imagenet_val_1k/img/ILSVRC2012_val_00026764.JPEG, res: (894, 0.22650255262851715)
INFO:root:filename: ./input/imagenet_val_1k/img/ILSVRC2012_val_00010496.JPEG, res: (462, 0.4783782660961151)
INFO:root:filename: ./input/imagenet_val_1k/img/ILSVRC2012_val_00028300.JPEG, res: (197, 0.30483800172805786)
INFO:root:filename: ./input/imagenet_val_1k/img/ILSVRC2012_val_00044908.JPEG, res: (176, 0.3586401641368866)
INFO:root:filename: ./input/imagenet_val_1k/img/ILSVRC2012_val_00043260.JPEG, res: (592, 0.43047475814819336)
INFO:root:filename: ./input/imagenet_val_1k/img/ILSVRC2012_val_00024765.JPEG, res: (510, 0.4229886829853058)
INFO:root:filename: ./input/imagenet_val_1k/img/ILSVRC2012_val_00020894.JPEG, res: (814, 0.648125171661377)
INFO:root:filename: ./input/imagenet_val_1k/img/ILSVRC2012_val_00037070.JPEG, res: (7, 0.5128040313720703)
INFO:root:filename: ./input/imagenet_val_1k/img/ILSVRC2012_val_00001590.JPEG, res: (874, 0.0879359170794487)
INFO:root:filename: ./input/imagenet_val_1k/img/ILSVRC2012_val_00003074.JPEG, res: (118, 0.29011353850364685)
INFO:root:filename: ./input/imagenet_val_1k/img/ILSVRC2012_val_00013460.JPEG, res: (92, 0.4564726650714874)
INFO:root:filename: ./input/imagenet_val_1k/img/ILSVRC2012_val_00004292.JPEG, res: (477, 0.24213732779026031)
INFO:root:filename: ./input/imagenet_val_1k/img/ILSVRC2012_val_00021338.JPEG, res: (959, 0.5425148606300354)
INFO:root:filename: ./input/imagenet_val_1k/img/ILSVRC2012_val_00022788.JPEG, res: (154, 0.2766062617301941)
INFO:root:filename: ./input/imagenet_val_1k/img/ILSVRC2012_val_00003241.JPEG, res: (669, 0.6418178081512451)
INFO:root:filename: ./input/imagenet_val_1k/img/ILSVRC2012_val_00042456.JPEG, res: (393, 0.30709582567214966)
INFO:root:filename: ./input/imagenet_val_1k/img/ILSVRC2012_val_00000611.JPEG, res: (866, 0.4828486740589142)
INFO:root:filename: ./input/imagenet_val_1k/img/ILSVRC2012_val_00020939.JPEG, res: (510, 0.44117775559425354)
INFO:root:filename: ./input/imagenet_val_1k/img/ILSVRC2012_val_00028044.JPEG, res: (525, 0.07415598630905151)
INFO:root:filename: ./input/imagenet_val_1k/img/ILSVRC2012_val_00011450.JPEG, res: (905, 0.4908487796783447)
INFO:root:filename: ./input/imagenet_val_1k/img/ILSVRC2012_val_00033758.JPEG, res: (250, 0.324756920337677)
INFO:root:filename: ./input/imagenet_val_1k/img/ILSVRC2012_val_00001270.JPEG, res: (974, 0.4459942579269409)
INFO:root:filename: ./input/imagenet_val_1k/img/ILSVRC2012_val_00017989.JPEG, res: (31, 0.3708062767982483)
INFO:root:filename: ./input/imagenet_val_1k/img/ILSVRC2012_val_00026519.JPEG, res: (980, 0.33773353695869446)
INFO:root:filename: ./input/imagenet_val_1k/img/ILSVRC2012_val_00008414.JPEG, res: (608, 0.5369052290916443)
INFO:root:filename: ./input/imagenet_val_1k/img/ILSVRC2012_val_00044569.JPEG, res: (554, 0.2912093698978424)
INFO:root:filename: ./input/imagenet_val_1k/img/ILSVRC2012_val_00020682.JPEG, res: (791, 0.2825995683670044)
INFO:root:filename: ./input/imagenet_val_1k/img/ILSVRC2012_val_00011930.JPEG, res: (789, 0.5264755487442017)
INFO:root:filename: ./input/imagenet_val_1k/img/ILSVRC2012_val_00025696.JPEG, res: (168, 0.2303047627210617)
INFO:root:filename: ./input/imagenet_val_1k/img/ILSVRC2012_val_00048048.JPEG, res: (601, 0.11521754413843155)
INFO:root:filename: ./input/imagenet_val_1k/img/ILSVRC2012_val_00043209.JPEG, res: (258, 0.2634389400482178)
INFO:root:filename: ./input/imagenet_val_1k/img/ILSVRC2012_val_00031841.JPEG, res: (941, 0.34017592668533325)
INFO:root:filename: ./input/imagenet_val_1k/img/ILSVRC2012_val_00010861.JPEG, res: (19, 0.5035305023193359)
INFO:root:filename: ./input/imagenet_val_1k/img/ILSVRC2012_val_00024226.JPEG, res: (258, 0.1366756558418274)
INFO:root:filename: ./input/imagenet_val_1k/img/ILSVRC2012_val_00001247.JPEG, res: (817, 0.307182252407074)
INFO:root:filename: ./input/imagenet_val_1k/img/ILSVRC2012_val_00006452.JPEG, res: (854, 0.31198805570602417)
INFO:root:filename: ./input/imagenet_val_1k/img/ILSVRC2012_val_00029895.JPEG, res: (691, 0.21038345992565155)
INFO:root:filename: ./input/imagenet_val_1k/img/ILSVRC2012_val_00014398.JPEG, res: (249, 0.38873183727264404)
INFO:root:filename: ./input/imagenet_val_1k/img/ILSVRC2012_val_00037345.JPEG, res: (223, 0.2653944492340088)
INFO:root:filename: ./input/imagenet_val_1k/img/ILSVRC2012_val_00007504.JPEG, res: (612, 0.05514488369226456)
INFO:root:filename: ./input/imagenet_val_1k/img/ILSVRC2012_val_00011629.JPEG, res: (79, 0.4675211012363434)
INFO:root:filename: ./input/imagenet_val_1k/img/ILSVRC2012_val_00028909.JPEG, res: (105, 0.3620879352092743)
INFO:root:filename: ./input/imagenet_val_1k/img/ILSVRC2012_val_00044859.JPEG, res: (281, 0.07906981557607651)
INFO:root:filename: ./input/imagenet_val_1k/img/ILSVRC2012_val_00047649.JPEG, res: (199, 0.4987190067768097)
INFO:root:filename: ./input/imagenet_val_1k/img/ILSVRC2012_val_00004386.JPEG, res: (237, 0.4360996186733246)
INFO:root:filename: ./input/imagenet_val_1k/img/ILSVRC2012_val_00047155.JPEG, res: (437, 0.3664132356643677)
INFO:root:filename: ./input/imagenet_val_1k/img/ILSVRC2012_val_00041819.JPEG, res: (151, 0.3658151626586914)
INFO:root:filename: ./input/imagenet_val_1k/img/ILSVRC2012_val_00049948.JPEG, res: (330, 0.4165610671043396)
INFO:root:filename: ./input/imagenet_val_1k/img/ILSVRC2012_val_00009725.JPEG, res: (406, 0.3822757601737976)
INFO:root:filename: ./input/imagenet_val_1k/img/ILSVRC2012_val_00030938.JPEG, res: (574, 0.5722858309745789)
INFO:root:filename: ./input/imagenet_val_1k/img/ILSVRC2012_val_00039932.JPEG, res: (487, 0.1956154704093933)
INFO:root:filename: ./input/imagenet_val_1k/img/ILSVRC2012_val_00000871.JPEG, res: (294, 0.42890551686286926)
INFO:root:filename: ./input/imagenet_val_1k/img/ILSVRC2012_val_00035535.JPEG, res: (30, 0.4500952959060669)
INFO:root:filename: ./input/imagenet_val_1k/img/ILSVRC2012_val_00022817.JPEG, res: (919, 0.31925690174102783)
INFO:root:filename: ./input/imagenet_val_1k/img/ILSVRC2012_val_00045547.JPEG, res: (8, 0.37672775983810425)
INFO:root:filename: ./input/imagenet_val_1k/img/ILSVRC2012_val_00035793.JPEG, res: (180, 0.2823956608772278)
INFO:root:filename: ./input/imagenet_val_1k/img/ILSVRC2012_val_00012475.JPEG, res: (135, 0.4242880046367645)
INFO:root:filename: ./input/imagenet_val_1k/img/ILSVRC2012_val_00001112.JPEG, res: (207, 0.4623907506465912)
INFO:root:filename: ./input/imagenet_val_1k/img/ILSVRC2012_val_00005345.JPEG, res: (734, 0.4817204475402832)
INFO:root:filename: ./input/imagenet_val_1k/img/ILSVRC2012_val_00042557.JPEG, res: (316, 0.6749438643455505)
INFO:root:filename: ./input/imagenet_val_1k/img/ILSVRC2012_val_00023425.JPEG, res: (76, 0.57691890001297)
INFO:root:filename: ./input/imagenet_val_1k/img/ILSVRC2012_val_00021087.JPEG, res: (772, 0.9494689702987671)
INFO:root:filename: ./input/imagenet_val_1k/img/ILSVRC2012_val_00005567.JPEG, res: (11, 0.4478923976421356)
INFO:root:filename: ./input/imagenet_val_1k/img/ILSVRC2012_val_00035378.JPEG, res: (216, 0.5500075817108154)
INFO:root:filename: ./input/imagenet_val_1k/img/ILSVRC2012_val_00006753.JPEG, res: (958, 0.22839683294296265)
INFO:root:filename: ./input/imagenet_val_1k/img/ILSVRC2012_val_00015701.JPEG, res: (236, 0.11975022405385971)
INFO:root:filename: ./input/imagenet_val_1k/img/ILSVRC2012_val_00004618.JPEG, res: (626, 0.06953409314155579)
INFO:root:filename: ./input/imagenet_val_1k/img/ILSVRC2012_val_00047670.JPEG, res: (171, 0.10033514350652695)
INFO:root:filename: ./input/imagenet_val_1k/img/ILSVRC2012_val_00012290.JPEG, res: (513, 0.18675172328948975)
INFO:root:filename: ./input/imagenet_val_1k/img/ILSVRC2012_val_00019968.JPEG, res: (74, 0.4026937782764435)
INFO:root:filename: ./input/imagenet_val_1k/img/ILSVRC2012_val_00014921.JPEG, res: (992, 0.15037542581558228)
INFO:root:filename: ./input/imagenet_val_1k/img/ILSVRC2012_val_00015429.JPEG, res: (439, 0.46125227212905884)
INFO:root:filename: ./input/imagenet_val_1k/img/ILSVRC2012_val_00049335.JPEG, res: (746, 0.44914188981056213)
INFO:root:filename: ./input/imagenet_val_1k/img/ILSVRC2012_val_00037183.JPEG, res: (572, 0.2507016062736511)
INFO:root:filename: ./input/imagenet_val_1k/img/ILSVRC2012_val_00026433.JPEG, res: (809, 0.7222652435302734)
INFO:root:filename: ./input/imagenet_val_1k/img/ILSVRC2012_val_00045149.JPEG, res: (951, 0.425466388463974)
INFO:root:filename: ./input/imagenet_val_1k/img/ILSVRC2012_val_00005914.JPEG, res: (983, 0.6657212972640991)
INFO:root:filename: ./input/imagenet_val_1k/img/ILSVRC2012_val_00035172.JPEG, res: (283, 0.4927462041378021)
INFO:root:filename: ./input/imagenet_val_1k/img/ILSVRC2012_val_00036074.JPEG, res: (129, 0.5629949569702148)
INFO:root:filename: ./input/imagenet_val_1k/img/ILSVRC2012_val_00047756.JPEG, res: (713, 0.7847521901130676)
INFO:root:filename: ./input/imagenet_val_1k/img/ILSVRC2012_val_00008576.JPEG, res: (583, 0.07754391431808472)
INFO:root:filename: ./input/imagenet_val_1k/img/ILSVRC2012_val_00009018.JPEG, res: (507, 0.3220660090446472)
INFO:root:filename: ./input/imagenet_val_1k/img/ILSVRC2012_val_00009056.JPEG, res: (705, 0.18855448067188263)
INFO:root:filename: ./input/imagenet_val_1k/img/ILSVRC2012_val_00023949.JPEG, res: (171, 0.49528101086616516)
INFO:root:filename: ./input/imagenet_val_1k/img/ILSVRC2012_val_00008538.JPEG, res: (677, 0.5793105363845825)
INFO:root:filename: ./input/imagenet_val_1k/img/ILSVRC2012_val_00023978.JPEG, res: (722, 0.4637461304664612)
INFO:root:filename: ./input/imagenet_val_1k/img/ILSVRC2012_val_00016444.JPEG, res: (210, 0.37713778018951416)
INFO:root:filename: ./input/imagenet_val_1k/img/ILSVRC2012_val_00003952.JPEG, res: (448, 0.2946636974811554)
INFO:root:filename: ./input/imagenet_val_1k/img/ILSVRC2012_val_00007480.JPEG, res: (577, 0.23016637563705444)
INFO:root:filename: ./input/imagenet_val_1k/img/ILSVRC2012_val_00048896.JPEG, res: (692, 0.07155459374189377)
INFO:root:filename: ./input/imagenet_val_1k/img/ILSVRC2012_val_00037799.JPEG, res: (225, 0.3520209789276123)
INFO:root:filename: ./input/imagenet_val_1k/img/ILSVRC2012_val_00016097.JPEG, res: (716, 0.5604194402694702)
INFO:root:filename: ./input/imagenet_val_1k/img/ILSVRC2012_val_00014382.JPEG, res: (430, 0.6699203252792358)
INFO:root:filename: ./input/imagenet_val_1k/img/ILSVRC2012_val_00024720.JPEG, res: (632, 0.4744287431240082)
INFO:root:filename: ./input/imagenet_val_1k/img/ILSVRC2012_val_00041587.JPEG, res: (614, 0.4614558517932892)
INFO:root:filename: ./input/imagenet_val_1k/img/ILSVRC2012_val_00049691.JPEG, res: (518, 0.34822389483451843)
INFO:root:filename: ./input/imagenet_val_1k/img/ILSVRC2012_val_00000888.JPEG, res: (21, 0.6026792526245117)
INFO:root:filename: ./input/imagenet_val_1k/img/ILSVRC2012_val_00002832.JPEG, res: (35, 0.31969866156578064)
INFO:root:filename: ./input/imagenet_val_1k/img/ILSVRC2012_val_00018053.JPEG, res: (808, 0.4868735373020172)
INFO:root:filename: ./input/imagenet_val_1k/img/ILSVRC2012_val_00032423.JPEG, res: (169, 0.32859447598457336)
INFO:root:filename: ./input/imagenet_val_1k/img/ILSVRC2012_val_00033050.JPEG, res: (111, 0.8192370533943176)
INFO:root:filename: ./input/imagenet_val_1k/img/ILSVRC2012_val_00000750.JPEG, res: (649, 0.18311066925525665)
INFO:root:filename: ./input/imagenet_val_1k/img/ILSVRC2012_val_00003220.JPEG, res: (184, 0.19574159383773804)
INFO:root:filename: ./input/imagenet_val_1k/img/ILSVRC2012_val_00046296.JPEG, res: (183, 0.5704377293586731)
INFO:root:filename: ./input/imagenet_val_1k/img/ILSVRC2012_val_00039407.JPEG, res: (861, 0.38888174295425415)
INFO:root:filename: ./input/imagenet_val_1k/img/ILSVRC2012_val_00003308.JPEG, res: (120, 0.2912370264530182)
INFO:root:filename: ./input/imagenet_val_1k/img/ILSVRC2012_val_00012203.JPEG, res: (235, 0.5060608983039856)
INFO:root:filename: ./input/imagenet_val_1k/img/ILSVRC2012_val_00014340.JPEG, res: (344, 0.7144858837127686)
INFO:root:filename: ./input/imagenet_val_1k/img/ILSVRC2012_val_00042692.JPEG, res: (209, 0.17725597321987152)
INFO:root:filename: ./input/imagenet_val_1k/img/ILSVRC2012_val_00014163.JPEG, res: (376, 0.4698863625526428)
INFO:root:filename: ./input/imagenet_val_1k/img/ILSVRC2012_val_00022426.JPEG, res: (719, 0.18949846923351288)
INFO:root:filename: ./input/imagenet_val_1k/img/ILSVRC2012_val_00043579.JPEG, res: (476, 0.5707384943962097)
INFO:root:filename: ./input/imagenet_val_1k/img/ILSVRC2012_val_00018101.JPEG, res: (552, 0.3291107714176178)
INFO:root:filename: ./input/imagenet_val_1k/img/ILSVRC2012_val_00034497.JPEG, res: (301, 0.2589864134788513)
INFO:root:filename: ./input/imagenet_val_1k/img/ILSVRC2012_val_00042053.JPEG, res: (175, 0.421712189912796)
INFO:root:filename: ./input/imagenet_val_1k/img/ILSVRC2012_val_00028320.JPEG, res: (783, 0.6980739235877991)
INFO:root:filename: ./input/imagenet_val_1k/img/ILSVRC2012_val_00041480.JPEG, res: (258, 0.6493474841117859)
INFO:root:filename: ./input/imagenet_val_1k/img/ILSVRC2012_val_00023920.JPEG, res: (343, 0.38863086700439453)
INFO:root:filename: ./input/imagenet_val_1k/img/ILSVRC2012_val_00039021.JPEG, res: (82, 0.5133051872253418)
INFO:root:filename: ./input/imagenet_val_1k/img/ILSVRC2012_val_00007426.JPEG, res: (375, 0.38413235545158386)
INFO:root:filename: ./input/imagenet_val_1k/img/ILSVRC2012_val_00042877.JPEG, res: (652, 0.8138039112091064)
INFO:root:filename: ./input/imagenet_val_1k/img/ILSVRC2012_val_00026120.JPEG, res: (345, 0.4162669777870178)
INFO:root:filename: ./input/imagenet_val_1k/img/ILSVRC2012_val_00017549.JPEG, res: (668, 0.514458954334259)
INFO:root:filename: ./input/imagenet_val_1k/img/ILSVRC2012_val_00047264.JPEG, res: (505, 0.23897753655910492)
INFO:root:filename: ./input/imagenet_val_1k/img/ILSVRC2012_val_00006838.JPEG, res: (718, 0.2893980145454407)
INFO:root:filename: ./input/imagenet_val_1k/img/ILSVRC2012_val_00046437.JPEG, res: (953, 0.21845805644989014)
INFO:root:filename: ./input/imagenet_val_1k/img/ILSVRC2012_val_00026751.JPEG, res: (398, 0.5083104968070984)
INFO:root:filename: ./input/imagenet_val_1k/img/ILSVRC2012_val_00006424.JPEG, res: (677, 0.43756288290023804)
INFO:root:filename: ./input/imagenet_val_1k/img/ILSVRC2012_val_00038067.JPEG, res: (636, 0.4555177092552185)
INFO:root:filename: ./input/imagenet_val_1k/img/ILSVRC2012_val_00017558.JPEG, res: (73, 0.31414228677749634)
INFO:root:filename: ./input/imagenet_val_1k/img/ILSVRC2012_val_00020370.JPEG, res: (111, 0.5076191425323486)
INFO:root:filename: ./input/imagenet_val_1k/img/ILSVRC2012_val_00046537.JPEG, res: (135, 0.40899205207824707)
INFO:root:filename: ./input/imagenet_val_1k/img/ILSVRC2012_val_00018658.JPEG, res: (974, 0.4798407554626465)
INFO:root:filename: ./input/imagenet_val_1k/img/ILSVRC2012_val_00037890.JPEG, res: (976, 0.22956697642803192)
INFO:root:filename: ./input/imagenet_val_1k/img/ILSVRC2012_val_00033288.JPEG, res: (890, 0.2929922342300415)
INFO:root:filename: ./input/imagenet_val_1k/img/ILSVRC2012_val_00035065.JPEG, res: (719, 0.3587064743041992)
INFO:root:filename: ./input/imagenet_val_1k/img/ILSVRC2012_val_00049791.JPEG, res: (743, 0.24089087545871735)
INFO:root:filename: ./input/imagenet_val_1k/img/ILSVRC2012_val_00036911.JPEG, res: (3, 0.2563364505767822)
INFO:root:filename: ./input/imagenet_val_1k/img/ILSVRC2012_val_00033500.JPEG, res: (905, 0.19779282808303833)
INFO:root:filename: ./input/imagenet_val_1k/img/ILSVRC2012_val_00030169.JPEG, res: (992, 0.31922149658203125)
INFO:root:filename: ./input/imagenet_val_1k/img/ILSVRC2012_val_00036116.JPEG, res: (825, 0.056559834629297256)
INFO:root:filename: ./input/imagenet_val_1k/img/ILSVRC2012_val_00040560.JPEG, res: (486, 0.28085124492645264)
INFO:root:filename: ./input/imagenet_val_1k/img/ILSVRC2012_val_00043448.JPEG, res: (789, 0.3319188058376312)
INFO:root:filename: ./input/imagenet_val_1k/img/ILSVRC2012_val_00032355.JPEG, res: (929, 0.14742329716682434)
INFO:root:filename: ./input/imagenet_val_1k/img/ILSVRC2012_val_00013342.JPEG, res: (748, 0.24924041330814362)
INFO:root:filename: ./input/imagenet_val_1k/img/ILSVRC2012_val_00035202.JPEG, res: (114, 0.4465751647949219)
INFO:root:filename: ./input/imagenet_val_1k/img/ILSVRC2012_val_00012615.JPEG, res: (23, 0.4928114712238312)
INFO:root:filename: ./input/imagenet_val_1k/img/ILSVRC2012_val_00043578.JPEG, res: (46, 0.14698439836502075)
INFO:root:filename: ./input/imagenet_val_1k/img/ILSVRC2012_val_00002707.JPEG, res: (894, 0.13642795383930206)
INFO:root:filename: ./input/imagenet_val_1k/img/ILSVRC2012_val_00015757.JPEG, res: (71, 0.39897844195365906)
INFO:root:filename: ./input/imagenet_val_1k/img/ILSVRC2012_val_00025090.JPEG, res: (819, 0.3934091031551361)
INFO:root:filename: ./input/imagenet_val_1k/img/ILSVRC2012_val_00026034.JPEG, res: (718, 0.04692314565181732)
INFO:root:filename: ./input/imagenet_val_1k/img/ILSVRC2012_val_00000588.JPEG, res: (175, 0.10034938156604767)
INFO:root:filename: ./input/imagenet_val_1k/img/ILSVRC2012_val_00021530.JPEG, res: (644, 0.2627914547920227)
INFO:root:filename: ./input/imagenet_val_1k/img/ILSVRC2012_val_00024508.JPEG, res: (198, 0.564422070980072)
INFO:root:filename: ./input/imagenet_val_1k/img/ILSVRC2012_val_00021713.JPEG, res: (997, 0.4443386495113373)
INFO:root:filename: ./input/imagenet_val_1k/img/ILSVRC2012_val_00024098.JPEG, res: (81, 0.4035601019859314)
INFO:root:filename: ./input/imagenet_val_1k/img/ILSVRC2012_val_00032027.JPEG, res: (229, 0.5046505928039551)
INFO:root:filename: ./input/imagenet_val_1k/img/ILSVRC2012_val_00020418.JPEG, res: (4, 0.25814783573150635)
INFO:root:filename: ./input/imagenet_val_1k/img/ILSVRC2012_val_00010552.JPEG, res: (387, 0.4759634733200073)
INFO:root:filename: ./input/imagenet_val_1k/img/ILSVRC2012_val_00038797.JPEG, res: (619, 0.12781699001789093)
INFO:root:filename: ./input/imagenet_val_1k/img/ILSVRC2012_val_00045582.JPEG, res: (773, 0.13761508464813232)
INFO:root:filename: ./input/imagenet_val_1k/img/ILSVRC2012_val_00027760.JPEG, res: (49, 0.3814219832420349)
INFO:root:filename: ./input/imagenet_val_1k/img/ILSVRC2012_val_00049571.JPEG, res: (548, 0.10175659507513046)
INFO:root:filename: ./input/imagenet_val_1k/img/ILSVRC2012_val_00041726.JPEG, res: (514, 0.7059219479560852)
INFO:root:filename: ./input/imagenet_val_1k/img/ILSVRC2012_val_00041446.JPEG, res: (667, 0.8503329753875732)
INFO:root:filename: ./input/imagenet_val_1k/img/ILSVRC2012_val_00019344.JPEG, res: (349, 0.33482125401496887)
INFO:root:filename: ./input/imagenet_val_1k/img/ILSVRC2012_val_00033085.JPEG, res: (473, 0.28900137543678284)
INFO:root:filename: ./input/imagenet_val_1k/img/ILSVRC2012_val_00029962.JPEG, res: (932, 0.6434220671653748)
INFO:root:filename: ./input/imagenet_val_1k/img/ILSVRC2012_val_00021506.JPEG, res: (882, 0.6972643733024597)
INFO:root:filename: ./input/imagenet_val_1k/img/ILSVRC2012_val_00015200.JPEG, res: (656, 0.678632378578186)
INFO:root:filename: ./input/imagenet_val_1k/img/ILSVRC2012_val_00028900.JPEG, res: (751, 0.5153639912605286)
INFO:root:filename: ./input/imagenet_val_1k/img/ILSVRC2012_val_00048221.JPEG, res: (33, 0.34938323497772217)
INFO:root:filename: ./input/imagenet_val_1k/img/ILSVRC2012_val_00033826.JPEG, res: (302, 0.37568745017051697)
INFO:root:filename: ./input/imagenet_val_1k/img/ILSVRC2012_val_00001710.JPEG, res: (179, 0.14586226642131805)
INFO:root:filename: ./input/imagenet_val_1k/img/ILSVRC2012_val_00024629.JPEG, res: (490, 0.5827808380126953)
INFO:root:filename: ./input/imagenet_val_1k/img/ILSVRC2012_val_00017193.JPEG, res: (261, 0.09349601715803146)
INFO:root:filename: ./input/imagenet_val_1k/img/ILSVRC2012_val_00049242.JPEG, res: (258, 0.3784755766391754)
INFO:root:filename: ./input/imagenet_val_1k/img/ILSVRC2012_val_00029654.JPEG, res: (90, 0.35917118191719055)
INFO:root:filename: ./input/imagenet_val_1k/img/ILSVRC2012_val_00035251.JPEG, res: (597, 0.3066457211971283)
INFO:root:filename: ./input/imagenet_val_1k/img/ILSVRC2012_val_00007104.JPEG, res: (846, 0.17457297444343567)
INFO:root:filename: ./input/imagenet_val_1k/img/ILSVRC2012_val_00003619.JPEG, res: (950, 0.48256152868270874)
INFO:root:filename: ./input/imagenet_val_1k/img/ILSVRC2012_val_00036558.JPEG, res: (710, 0.07272234559059143)
INFO:root:filename: ./input/imagenet_val_1k/img/ILSVRC2012_val_00047493.JPEG, res: (836, 0.46007096767425537)
INFO:root:filename: ./input/imagenet_val_1k/img/ILSVRC2012_val_00040479.JPEG, res: (410, 0.43062230944633484)
INFO:root:filename: ./input/imagenet_val_1k/img/ILSVRC2012_val_00016010.JPEG, res: (636, 0.5078623294830322)
INFO:root:filename: ./input/imagenet_val_1k/img/ILSVRC2012_val_00037285.JPEG, res: (851, 0.45765581727027893)
INFO:root:filename: ./input/imagenet_val_1k/img/ILSVRC2012_val_00046446.JPEG, res: (232, 0.43198078870773315)
INFO:root:filename: ./input/imagenet_val_1k/img/ILSVRC2012_val_00043650.JPEG, res: (483, 0.27059897780418396)
INFO:root:filename: ./input/imagenet_val_1k/img/ILSVRC2012_val_00026046.JPEG, res: (445, 0.29879236221313477)
INFO:root:filename: ./input/imagenet_val_1k/img/ILSVRC2012_val_00032237.JPEG, res: (705, 0.25874438881874084)
INFO:root:filename: ./input/imagenet_val_1k/img/ILSVRC2012_val_00041264.JPEG, res: (222, 0.2468915581703186)
INFO:root:filename: ./input/imagenet_val_1k/img/ILSVRC2012_val_00028234.JPEG, res: (404, 0.4244757890701294)
INFO:root:filename: ./input/imagenet_val_1k/img/ILSVRC2012_val_00036011.JPEG, res: (801, 0.46670159697532654)
INFO:root:filename: ./input/imagenet_val_1k/img/ILSVRC2012_val_00021205.JPEG, res: (217, 0.4680909812450409)
INFO:root:filename: ./input/imagenet_val_1k/img/ILSVRC2012_val_00005319.JPEG, res: (843, 0.6684067249298096)
INFO:root:filename: ./input/imagenet_val_1k/img/ILSVRC2012_val_00037327.JPEG, res: (488, 0.5069862008094788)
INFO:root:filename: ./input/imagenet_val_1k/img/ILSVRC2012_val_00008423.JPEG, res: (651, 0.1329709142446518)
INFO:root:filename: ./input/imagenet_val_1k/img/ILSVRC2012_val_00018138.JPEG, res: (436, 0.5674089789390564)
INFO:root:filename: ./input/imagenet_val_1k/img/ILSVRC2012_val_00024673.JPEG, res: (987, 0.48337653279304504)
INFO:root:filename: ./input/imagenet_val_1k/img/ILSVRC2012_val_00013300.JPEG, res: (822, 0.21261784434318542)
INFO:root:filename: ./input/imagenet_val_1k/img/ILSVRC2012_val_00035266.JPEG, res: (491, 0.638925313949585)
INFO:root:filename: ./input/imagenet_val_1k/img/ILSVRC2012_val_00006202.JPEG, res: (52, 0.6322287917137146)
INFO:root:filename: ./input/imagenet_val_1k/img/ILSVRC2012_val_00009755.JPEG, res: (204, 0.2852551341056824)
INFO:root:filename: ./input/imagenet_val_1k/img/ILSVRC2012_val_00004654.JPEG, res: (721, 0.20875194668769836)
INFO:root:filename: ./input/imagenet_val_1k/img/ILSVRC2012_val_00049286.JPEG, res: (132, 0.3608555495738983)
INFO:root:filename: ./input/imagenet_val_1k/img/ILSVRC2012_val_00024259.JPEG, res: (54, 0.3349279463291168)
INFO:root:filename: ./input/imagenet_val_1k/img/ILSVRC2012_val_00005227.JPEG, res: (448, 0.15870161354541779)
INFO:root:filename: ./input/imagenet_val_1k/img/ILSVRC2012_val_00017939.JPEG, res: (90, 0.5637420415878296)
INFO:root:filename: ./input/imagenet_val_1k/img/ILSVRC2012_val_00016502.JPEG, res: (529, 0.34826287627220154)
INFO:root:filename: ./input/imagenet_val_1k/img/ILSVRC2012_val_00030274.JPEG, res: (690, 0.4612780809402466)
INFO:root:filename: ./input/imagenet_val_1k/img/ILSVRC2012_val_00047177.JPEG, res: (884, 0.4143120348453522)
INFO:root:filename: ./input/imagenet_val_1k/img/ILSVRC2012_val_00022285.JPEG, res: (836, 0.0955047458410263)
INFO:root:filename: ./input/imagenet_val_1k/img/ILSVRC2012_val_00028250.JPEG, res: (316, 0.4405391812324524)
INFO:root:filename: ./input/imagenet_val_1k/img/ILSVRC2012_val_00030018.JPEG, res: (252, 0.46339210867881775)
INFO:root:filename: ./input/imagenet_val_1k/img/ILSVRC2012_val_00003020.JPEG, res: (936, 0.4402119815349579)
INFO:root:filename: ./input/imagenet_val_1k/img/ILSVRC2012_val_00026085.JPEG, res: (93, 0.3051000237464905)
INFO:root:filename: ./input/imagenet_val_1k/img/ILSVRC2012_val_00047456.JPEG, res: (323, 0.6904784440994263)
INFO:root:filename: ./input/imagenet_val_1k/img/ILSVRC2012_val_00026016.JPEG, res: (27, 0.5931896567344666)
INFO:root:filename: ./input/imagenet_val_1k/img/ILSVRC2012_val_00035380.JPEG, res: (974, 0.17354299128055573)
INFO:root:filename: ./input/imagenet_val_1k/img/ILSVRC2012_val_00010242.JPEG, res: (385, 0.316911906003952)
INFO:root:filename: ./input/imagenet_val_1k/img/ILSVRC2012_val_00009515.JPEG, res: (548, 0.37975746393203735)
INFO:root:filename: ./input/imagenet_val_1k/img/ILSVRC2012_val_00003633.JPEG, res: (843, 0.08723478764295578)
INFO:root:filename: ./input/imagenet_val_1k/img/ILSVRC2012_val_00045329.JPEG, res: (415, 0.6607623100280762)
INFO:root:filename: ./input/imagenet_val_1k/img/ILSVRC2012_val_00015049.JPEG, res: (693, 0.34154269099235535)
INFO:root:filename: ./input/imagenet_val_1k/img/ILSVRC2012_val_00044228.JPEG, res: (318, 0.4304942190647125)
INFO:root:filename: ./input/imagenet_val_1k/img/ILSVRC2012_val_00046716.JPEG, res: (315, 0.2792681157588959)
INFO:root:filename: ./input/imagenet_val_1k/img/ILSVRC2012_val_00024195.JPEG, res: (879, 0.23890823125839233)
INFO:root:filename: ./input/imagenet_val_1k/img/ILSVRC2012_val_00025276.JPEG, res: (496, 0.583423376083374)
INFO:root:filename: ./input/imagenet_val_1k/img/ILSVRC2012_val_00040918.JPEG, res: (666, 0.14627215266227722)
INFO:root:filename: ./input/imagenet_val_1k/img/ILSVRC2012_val_00025321.JPEG, res: (451, 0.11447431892156601)
INFO:root:filename: ./input/imagenet_val_1k/img/ILSVRC2012_val_00041073.JPEG, res: (784, 0.3249369263648987)
INFO:root:filename: ./input/imagenet_val_1k/img/ILSVRC2012_val_00001867.JPEG, res: (100, 0.6107404828071594)
INFO:root:filename: ./input/imagenet_val_1k/img/ILSVRC2012_val_00007427.JPEG, res: (513, 0.10824305564165115)
INFO:root:filename: ./input/imagenet_val_1k/img/ILSVRC2012_val_00010220.JPEG, res: (967, 0.542148232460022)
INFO:root:filename: ./input/imagenet_val_1k/img/ILSVRC2012_val_00033483.JPEG, res: (18, 0.5803031325340271)
INFO:root:filename: ./input/imagenet_val_1k/img/ILSVRC2012_val_00026012.JPEG, res: (379, 0.38841748237609863)
INFO:root:filename: ./input/imagenet_val_1k/img/ILSVRC2012_val_00015131.JPEG, res: (907, 0.40525704622268677)
INFO:root:filename: ./input/imagenet_val_1k/img/ILSVRC2012_val_00000147.JPEG, res: (265, 0.11018475890159607)
INFO:root:filename: ./input/imagenet_val_1k/img/ILSVRC2012_val_00027296.JPEG, res: (792, 0.5717163681983948)
INFO:root:filename: ./input/imagenet_val_1k/img/ILSVRC2012_val_00031059.JPEG, res: (553, 0.15184853971004486)
INFO:root:filename: ./input/imagenet_val_1k/img/ILSVRC2012_val_00033596.JPEG, res: (44, 0.12502330541610718)
INFO:root:filename: ./input/imagenet_val_1k/img/ILSVRC2012_val_00012148.JPEG, res: (664, 0.2863071858882904)
INFO:root:filename: ./input/imagenet_val_1k/img/ILSVRC2012_val_00029375.JPEG, res: (267, 0.3454016447067261)
INFO:root:filename: ./input/imagenet_val_1k/img/ILSVRC2012_val_00004494.JPEG, res: (93, 0.44895413517951965)
INFO:root:filename: ./input/imagenet_val_1k/img/ILSVRC2012_val_00046678.JPEG, res: (684, 0.6224076151847839)
INFO:root:filename: ./input/imagenet_val_1k/img/ILSVRC2012_val_00021062.JPEG, res: (895, 0.17951291799545288)
INFO:root:filename: ./input/imagenet_val_1k/img/ILSVRC2012_val_00049992.JPEG, res: (357, 0.43013128638267517)
INFO:root:filename: ./input/imagenet_val_1k/img/ILSVRC2012_val_00030660.JPEG, res: (204, 0.16442973911762238)
INFO:root:filename: ./input/imagenet_val_1k/img/ILSVRC2012_val_00014487.JPEG, res: (706, 0.7806670069694519)
INFO:root:filename: ./input/imagenet_val_1k/img/ILSVRC2012_val_00034483.JPEG, res: (783, 0.23545189201831818)
INFO:root:filename: ./input/imagenet_val_1k/img/ILSVRC2012_val_00040862.JPEG, res: (792, 0.35586926341056824)
INFO:root:filename: ./input/imagenet_val_1k/img/ILSVRC2012_val_00026539.JPEG, res: (432, 0.491953581571579)
INFO:root:filename: ./input/imagenet_val_1k/img/ILSVRC2012_val_00033247.JPEG, res: (940, 0.5348857641220093)
INFO:root:filename: ./input/imagenet_val_1k/img/ILSVRC2012_val_00001481.JPEG, res: (155, 0.255072683095932)
INFO:root:filename: ./input/imagenet_val_1k/img/ILSVRC2012_val_00027883.JPEG, res: (649, 0.5891117453575134)
INFO:root:filename: ./input/imagenet_val_1k/img/ILSVRC2012_val_00038513.JPEG, res: (920, 0.2272704839706421)
INFO:root:filename: ./input/imagenet_val_1k/img/ILSVRC2012_val_00010909.JPEG, res: (430, 0.2647148072719574)
INFO:root:filename: ./input/imagenet_val_1k/img/ILSVRC2012_val_00009227.JPEG, res: (954, 0.39315444231033325)
INFO:root:filename: ./input/imagenet_val_1k/img/ILSVRC2012_val_00039774.JPEG, res: (597, 0.3702791631221771)
INFO:root:filename: ./input/imagenet_val_1k/img/ILSVRC2012_val_00012685.JPEG, res: (359, 0.23266881704330444)
INFO:root:filename: ./input/imagenet_val_1k/img/ILSVRC2012_val_00029954.JPEG, res: (795, 0.28626248240470886)
INFO:root:filename: ./input/imagenet_val_1k/img/ILSVRC2012_val_00029830.JPEG, res: (532, 0.11532929539680481)
INFO:root:filename: ./input/imagenet_val_1k/img/ILSVRC2012_val_00040423.JPEG, res: (757, 0.364951491355896)
INFO:root:filename: ./input/imagenet_val_1k/img/ILSVRC2012_val_00030531.JPEG, res: (404, 0.45327988266944885)
INFO:root:filename: ./input/imagenet_val_1k/img/ILSVRC2012_val_00019358.JPEG, res: (910, 0.05265031382441521)
INFO:root:filename: ./input/imagenet_val_1k/img/ILSVRC2012_val_00046078.JPEG, res: (260, 0.12824180722236633)
INFO:root:filename: ./input/imagenet_val_1k/img/ILSVRC2012_val_00020641.JPEG, res: (893, 0.09657245874404907)
INFO:root:filename: ./input/imagenet_val_1k/img/ILSVRC2012_val_00002854.JPEG, res: (256, 0.18985393643379211)
INFO:root:filename: ./input/imagenet_val_1k/img/ILSVRC2012_val_00010567.JPEG, res: (715, 0.2856334149837494)
INFO:root:filename: ./input/imagenet_val_1k/img/ILSVRC2012_val_00049417.JPEG, res: (239, 0.3008924722671509)
INFO:root:filename: ./input/imagenet_val_1k/img/ILSVRC2012_val_00014685.JPEG, res: (658, 0.5028879642486572)
INFO:root:filename: ./input/imagenet_val_1k/img/ILSVRC2012_val_00035547.JPEG, res: (790, 0.5288369059562683)
INFO:root:filename: ./input/imagenet_val_1k/img/ILSVRC2012_val_00017233.JPEG, res: (420, 0.7873606085777283)
INFO:root:filename: ./input/imagenet_val_1k/img/ILSVRC2012_val_00015614.JPEG, res: (743, 0.658598780632019)
INFO:root:filename: ./input/imagenet_val_1k/img/ILSVRC2012_val_00022538.JPEG, res: (571, 0.4486844837665558)
INFO:root:filename: ./input/imagenet_val_1k/img/ILSVRC2012_val_00045573.JPEG, res: (932, 0.2889612913131714)
INFO:root:filename: ./input/imagenet_val_1k/img/ILSVRC2012_val_00027805.JPEG, res: (182, 0.20349445939064026)
INFO:root:filename: ./input/imagenet_val_1k/img/ILSVRC2012_val_00047448.JPEG, res: (944, 0.28243115544319153)
INFO:root:filename: ./input/imagenet_val_1k/img/ILSVRC2012_val_00010666.JPEG, res: (601, 0.5029439926147461)
INFO:root:filename: ./input/imagenet_val_1k/img/ILSVRC2012_val_00032194.JPEG, res: (203, 0.39353007078170776)
INFO:root:filename: ./input/imagenet_val_1k/img/ILSVRC2012_val_00000075.JPEG, res: (80, 0.4420230984687805)
INFO:root:filename: ./input/imagenet_val_1k/img/ILSVRC2012_val_00045617.JPEG, res: (531, 0.26035481691360474)
INFO:root:filename: ./input/imagenet_val_1k/img/ILSVRC2012_val_00009358.JPEG, res: (507, 0.25357896089553833)
INFO:root:filename: ./input/imagenet_val_1k/img/ILSVRC2012_val_00039013.JPEG, res: (181, 0.5444007515907288)
INFO:root:filename: ./input/imagenet_val_1k/img/ILSVRC2012_val_00002333.JPEG, res: (799, 0.36647874116897583)
INFO:root:filename: ./input/imagenet_val_1k/img/ILSVRC2012_val_00021601.JPEG, res: (598, 0.33330389857292175)
INFO:root:filename: ./input/imagenet_val_1k/img/ILSVRC2012_val_00044677.JPEG, res: (98, 0.46080100536346436)
INFO:root:filename: ./input/imagenet_val_1k/img/ILSVRC2012_val_00023291.JPEG, res: (497, 0.27595481276512146)
INFO:root:filename: ./input/imagenet_val_1k/img/ILSVRC2012_val_00008604.JPEG, res: (397, 0.3940791189670563)
INFO:root:filename: ./input/imagenet_val_1k/img/ILSVRC2012_val_00020113.JPEG, res: (211, 0.3858882188796997)
INFO:root:filename: ./input/imagenet_val_1k/img/ILSVRC2012_val_00034272.JPEG, res: (700, 0.27811944484710693)
INFO:root:filename: ./input/imagenet_val_1k/img/ILSVRC2012_val_00032929.JPEG, res: (758, 0.6038918495178223)
INFO:root:filename: ./input/imagenet_val_1k/img/ILSVRC2012_val_00009751.JPEG, res: (514, 0.1485220193862915)
INFO:root:filename: ./input/imagenet_val_1k/img/ILSVRC2012_val_00025244.JPEG, res: (468, 0.7457056641578674)
INFO:root:filename: ./input/imagenet_val_1k/img/ILSVRC2012_val_00000766.JPEG, res: (514, 0.6625122427940369)
INFO:root:filename: ./input/imagenet_val_1k/img/ILSVRC2012_val_00014296.JPEG, res: (381, 0.28918132185935974)
INFO:root:filename: ./input/imagenet_val_1k/img/ILSVRC2012_val_00024475.JPEG, res: (611, 0.16301202774047852)
INFO:root:filename: ./input/imagenet_val_1k/img/ILSVRC2012_val_00033479.JPEG, res: (89, 0.11725208908319473)
INFO:root:filename: ./input/imagenet_val_1k/img/ILSVRC2012_val_00042955.JPEG, res: (558, 0.23153716325759888)
INFO:root:filename: ./input/imagenet_val_1k/img/ILSVRC2012_val_00040799.JPEG, res: (834, 0.14524252712726593)
INFO:root:filename: ./input/imagenet_val_1k/img/ILSVRC2012_val_00043537.JPEG, res: (106, 0.5098676085472107)
INFO:root:filename: ./input/imagenet_val_1k/img/ILSVRC2012_val_00002644.JPEG, res: (956, 0.4010145664215088)
INFO:root:filename: ./input/imagenet_val_1k/img/ILSVRC2012_val_00049956.JPEG, res: (239, 0.4726131856441498)
INFO:root:filename: ./input/imagenet_val_1k/img/ILSVRC2012_val_00002546.JPEG, res: (261, 0.4581281542778015)
INFO:root:filename: ./input/imagenet_val_1k/img/ILSVRC2012_val_00046232.JPEG, res: (884, 0.43900981545448303)
INFO:root:filename: ./input/imagenet_val_1k/img/ILSVRC2012_val_00046875.JPEG, res: (615, 0.2523808777332306)
INFO:root:filename: ./input/imagenet_val_1k/img/ILSVRC2012_val_00035241.JPEG, res: (510, 0.6223002076148987)
INFO:root:filename: ./input/imagenet_val_1k/img/ILSVRC2012_val_00000255.JPEG, res: (983, 0.07945894449949265)
INFO:root:filename: ./input/imagenet_val_1k/img/ILSVRC2012_val_00048630.JPEG, res: (937, 0.5301859378814697)
INFO:root:filename: ./input/imagenet_val_1k/img/ILSVRC2012_val_00025634.JPEG, res: (765, 0.6552644371986389)
INFO:root:filename: ./input/imagenet_val_1k/img/ILSVRC2012_val_00046959.JPEG, res: (602, 0.32428938150405884)
INFO:root:filename: ./input/imagenet_val_1k/img/ILSVRC2012_val_00049909.JPEG, res: (416, 0.474016398191452)
INFO:root:filename: ./input/imagenet_val_1k/img/ILSVRC2012_val_00004128.JPEG, res: (786, 0.45312705636024475)
INFO:root:filename: ./input/imagenet_val_1k/img/ILSVRC2012_val_00001218.JPEG, res: (21, 0.473565012216568)
INFO:root:filename: ./input/imagenet_val_1k/img/ILSVRC2012_val_00028401.JPEG, res: (114, 0.2880551218986511)
INFO:root:filename: ./input/imagenet_val_1k/img/ILSVRC2012_val_00033557.JPEG, res: (820, 0.49123069643974304)
INFO:root:filename: ./input/imagenet_val_1k/img/ILSVRC2012_val_00013927.JPEG, res: (215, 0.42290598154067993)
INFO:root:filename: ./input/imagenet_val_1k/img/ILSVRC2012_val_00003546.JPEG, res: (176, 0.5280491709709167)
INFO:root:filename: ./input/imagenet_val_1k/img/ILSVRC2012_val_00047098.JPEG, res: (668, 0.38151782751083374)
INFO:root:filename: ./input/imagenet_val_1k/img/ILSVRC2012_val_00003821.JPEG, res: (43, 0.12729686498641968)
INFO:root:filename: ./input/imagenet_val_1k/img/ILSVRC2012_val_00006878.JPEG, res: (549, 0.23513776063919067)
INFO:root:filename: ./input/imagenet_val_1k/img/ILSVRC2012_val_00029034.JPEG, res: (718, 0.11222470551729202)
INFO:root:filename: ./input/imagenet_val_1k/img/ILSVRC2012_val_00015184.JPEG, res: (822, 0.21270933747291565)
INFO:root:filename: ./input/imagenet_val_1k/img/ILSVRC2012_val_00016864.JPEG, res: (26, 0.49323827028274536)
INFO:root:filename: ./input/imagenet_val_1k/img/ILSVRC2012_val_00025623.JPEG, res: (890, 0.6278758645057678)
INFO:root:filename: ./input/imagenet_val_1k/img/ILSVRC2012_val_00008559.JPEG, res: (349, 0.3131929337978363)
INFO:root:filename: ./input/imagenet_val_1k/img/ILSVRC2012_val_00004417.JPEG, res: (4, 0.337790846824646)
INFO:root:filename: ./input/imagenet_val_1k/img/ILSVRC2012_val_00033731.JPEG, res: (168, 0.15871188044548035)
INFO:root:filename: ./input/imagenet_val_1k/img/ILSVRC2012_val_00003739.JPEG, res: (807, 0.25890281796455383)
INFO:root:filename: ./input/imagenet_val_1k/img/ILSVRC2012_val_00038101.JPEG, res: (822, 0.9028460383415222)
INFO:root:filename: ./input/imagenet_val_1k/img/ILSVRC2012_val_00015771.JPEG, res: (879, 0.023388193920254707)
INFO:root:filename: ./input/imagenet_val_1k/img/ILSVRC2012_val_00036289.JPEG, res: (126, 0.5394538044929504)
INFO:root:filename: ./input/imagenet_val_1k/img/ILSVRC2012_val_00011821.JPEG, res: (444, 0.38214805722236633)
INFO:root:filename: ./input/imagenet_val_1k/img/ILSVRC2012_val_00008215.JPEG, res: (640, 0.4441276788711548)
INFO:root:filename: ./input/imagenet_val_1k/img/ILSVRC2012_val_00039346.JPEG, res: (369, 0.28823965787887573)
INFO:root:filename: ./input/imagenet_val_1k/img/ILSVRC2012_val_00049070.JPEG, res: (523, 0.029710108414292336)
INFO:root:filename: ./input/imagenet_val_1k/img/ILSVRC2012_val_00008939.JPEG, res: (228, 0.6089197397232056)
INFO:root:filename: ./input/imagenet_val_1k/img/ILSVRC2012_val_00014429.JPEG, res: (709, 0.33001458644866943)
INFO:root:filename: ./input/imagenet_val_1k/img/ILSVRC2012_val_00034481.JPEG, res: (782, 0.0870027169585228)
INFO:root:filename: ./input/imagenet_val_1k/img/ILSVRC2012_val_00014466.JPEG, res: (749, 0.29109638929367065)
INFO:root:filename: ./input/imagenet_val_1k/img/ILSVRC2012_val_00021079.JPEG, res: (161, 0.1604439914226532)
INFO:root:filename: ./input/imagenet_val_1k/img/ILSVRC2012_val_00037329.JPEG, res: (389, 0.4793115258216858)
INFO:root:filename: ./input/imagenet_val_1k/img/ILSVRC2012_val_00036817.JPEG, res: (212, 0.05405813455581665)
INFO:root:filename: ./input/imagenet_val_1k/img/ILSVRC2012_val_00023168.JPEG, res: (210, 0.3422846794128418)
INFO:root:filename: ./input/imagenet_val_1k/img/ILSVRC2012_val_00040323.JPEG, res: (293, 0.5898981094360352)
INFO:root:filename: ./input/imagenet_val_1k/img/ILSVRC2012_val_00029976.JPEG, res: (239, 0.10980609059333801)
INFO:root:filename: ./input/imagenet_val_1k/img/ILSVRC2012_val_00026766.JPEG, res: (55, 0.3605245053768158)
INFO:root:filename: ./input/imagenet_val_1k/img/ILSVRC2012_val_00014473.JPEG, res: (769, 0.26935485005378723)
INFO:root:filename: ./input/imagenet_val_1k/img/ILSVRC2012_val_00031757.JPEG, res: (929, 0.5186018943786621)
INFO:root:filename: ./input/imagenet_val_1k/img/ILSVRC2012_val_00011942.JPEG, res: (895, 0.1929071694612503)
INFO:root:filename: ./input/imagenet_val_1k/img/ILSVRC2012_val_00009340.JPEG, res: (721, 0.5843738913536072)
INFO:root:filename: ./input/imagenet_val_1k/img/ILSVRC2012_val_00000626.JPEG, res: (716, 0.694573163986206)
INFO:root:filename: ./input/imagenet_val_1k/img/ILSVRC2012_val_00007673.JPEG, res: (529, 0.12500086426734924)
INFO:root:filename: ./input/imagenet_val_1k/img/ILSVRC2012_val_00014663.JPEG, res: (712, 0.49356043338775635)
INFO:root:filename: ./input/imagenet_val_1k/img/ILSVRC2012_val_00009968.JPEG, res: (952, 0.3161257803440094)
INFO:root:filename: ./input/imagenet_val_1k/img/ILSVRC2012_val_00042628.JPEG, res: (202, 0.14810965955257416)
INFO:root:filename: ./input/imagenet_val_1k/img/ILSVRC2012_val_00005359.JPEG, res: (796, 0.36086025834083557)
INFO:root:filename: ./input/imagenet_val_1k/img/ILSVRC2012_val_00017071.JPEG, res: (933, 0.45050904154777527)
INFO:root:filename: ./input/imagenet_val_1k/img/ILSVRC2012_val_00026421.JPEG, res: (155, 0.2686743438243866)
INFO:root:filename: ./input/imagenet_val_1k/img/ILSVRC2012_val_00042666.JPEG, res: (888, 0.4116891026496887)
INFO:root:filename: ./input/imagenet_val_1k/img/ILSVRC2012_val_00034909.JPEG, res: (160, 0.25680819153785706)
INFO:root:filename: ./input/imagenet_val_1k/img/ILSVRC2012_val_00001233.JPEG, res: (928, 0.4779057800769806)
INFO:root:filename: ./input/imagenet_val_1k/img/ILSVRC2012_val_00026118.JPEG, res: (236, 0.08758067339658737)
INFO:root:filename: ./input/imagenet_val_1k/img/ILSVRC2012_val_00019733.JPEG, res: (849, 0.2346087396144867)
INFO:root:filename: ./input/imagenet_val_1k/img/ILSVRC2012_val_00024554.JPEG, res: (648, 0.7317067980766296)
INFO:root:filename: ./input/imagenet_val_1k/img/ILSVRC2012_val_00017472.JPEG, res: (0, 0.5295389294624329)
INFO:root:filename: ./input/imagenet_val_1k/img/ILSVRC2012_val_00008300.JPEG, res: (364, 0.4351819157600403)
INFO:root:filename: ./input/imagenet_val_1k/img/ILSVRC2012_val_00009921.JPEG, res: (285, 0.22965897619724274)
INFO:root:filename: ./input/imagenet_val_1k/img/ILSVRC2012_val_00004900.JPEG, res: (598, 0.31667235493659973)
INFO:root:filename: ./input/imagenet_val_1k/img/ILSVRC2012_val_00008913.JPEG, res: (740, 0.05740131437778473)
INFO:root:filename: ./input/imagenet_val_1k/img/ILSVRC2012_val_00034282.JPEG, res: (86, 0.08099206537008286)
INFO:root:filename: ./input/imagenet_val_1k/img/ILSVRC2012_val_00000371.JPEG, res: (109, 0.5025781393051147)
INFO:root:filename: ./input/imagenet_val_1k/img/ILSVRC2012_val_00034694.JPEG, res: (439, 0.5438174605369568)
INFO:root:filename: ./input/imagenet_val_1k/img/ILSVRC2012_val_00026871.JPEG, res: (901, 0.1277008056640625)
INFO:root:filename: ./input/imagenet_val_1k/img/ILSVRC2012_val_00027361.JPEG, res: (71, 0.36858800053596497)
INFO:root:filename: ./input/imagenet_val_1k/img/ILSVRC2012_val_00044514.JPEG, res: (316, 0.2973526120185852)
INFO:root:filename: ./input/imagenet_val_1k/img/ILSVRC2012_val_00020982.JPEG, res: (703, 0.6479014754295349)
INFO:root:filename: ./input/imagenet_val_1k/img/ILSVRC2012_val_00029169.JPEG, res: (6, 0.3832581639289856)
INFO:root:filename: ./input/imagenet_val_1k/img/ILSVRC2012_val_00031256.JPEG, res: (864, 0.649733304977417)
INFO:root:filename: ./input/imagenet_val_1k/img/ILSVRC2012_val_00029478.JPEG, res: (229, 0.18284784257411957)
INFO:root:filename: ./input/imagenet_val_1k/img/ILSVRC2012_val_00022839.JPEG, res: (997, 0.1537196785211563)
INFO:root:filename: ./input/imagenet_val_1k/img/ILSVRC2012_val_00005804.JPEG, res: (626, 0.45673584938049316)
INFO:root:filename: ./input/imagenet_val_1k/img/ILSVRC2012_val_00035932.JPEG, res: (319, 0.3141566812992096)
INFO:root:filename: ./input/imagenet_val_1k/img/ILSVRC2012_val_00032698.JPEG, res: (132, 0.3489697575569153)
INFO:root:filename: ./input/imagenet_val_1k/img/ILSVRC2012_val_00032241.JPEG, res: (748, 0.44360119104385376)
INFO:root:filename: ./input/imagenet_val_1k/img/ILSVRC2012_val_00006284.JPEG, res: (53, 0.3927859365940094)
INFO:root:filename: ./input/imagenet_val_1k/img/ILSVRC2012_val_00035090.JPEG, res: (806, 0.208648681640625)
INFO:root:filename: ./input/imagenet_val_1k/img/ILSVRC2012_val_00025528.JPEG, res: (144, 0.3305625319480896)
INFO:root:filename: ./input/imagenet_val_1k/img/ILSVRC2012_val_00013266.JPEG, res: (878, 0.5390830039978027)
INFO:root:filename: ./input/imagenet_val_1k/img/ILSVRC2012_val_00001987.JPEG, res: (74, 0.20957058668136597)
INFO:root:filename: ./input/imagenet_val_1k/img/ILSVRC2012_val_00048719.JPEG, res: (392, 0.45437461137771606)
INFO:root:filename: ./input/imagenet_val_1k/img/ILSVRC2012_val_00013569.JPEG, res: (839, 0.3430626094341278)
INFO:root:filename: ./input/imagenet_val_1k/img/ILSVRC2012_val_00016687.JPEG, res: (775, 0.1117396205663681)
INFO:root:filename: ./input/imagenet_val_1k/img/ILSVRC2012_val_00010788.JPEG, res: (487, 0.6048647165298462)
INFO:root:filename: ./input/imagenet_val_1k/img/ILSVRC2012_val_00026681.JPEG, res: (679, 0.3852710425853729)
INFO:root:filename: ./input/imagenet_val_1k/img/ILSVRC2012_val_00020794.JPEG, res: (698, 0.17484338581562042)
INFO:root:filename: ./input/imagenet_val_1k/img/ILSVRC2012_val_00019209.JPEG, res: (159, 0.4931708574295044)
INFO:root:filename: ./input/imagenet_val_1k/img/ILSVRC2012_val_00014125.JPEG, res: (217, 0.4883614182472229)
INFO:root:filename: ./input/imagenet_val_1k/img/ILSVRC2012_val_00013204.JPEG, res: (221, 0.625963032245636)
INFO:root:filename: ./input/imagenet_val_1k/img/ILSVRC2012_val_00002433.JPEG, res: (347, 0.3327319324016571)
INFO:root:filename: ./input/imagenet_val_1k/img/ILSVRC2012_val_00031531.JPEG, res: (202, 0.18378905951976776)
INFO:root:filename: ./input/imagenet_val_1k/img/ILSVRC2012_val_00034026.JPEG, res: (845, 0.47020283341407776)
INFO:root:filename: ./input/imagenet_val_1k/img/ILSVRC2012_val_00029227.JPEG, res: (303, 0.3438425362110138)
INFO:root:filename: ./input/imagenet_val_1k/img/ILSVRC2012_val_00005040.JPEG, res: (681, 0.41907772421836853)
INFO:root:filename: ./input/imagenet_val_1k/img/ILSVRC2012_val_00015154.JPEG, res: (69, 0.35828128457069397)
INFO:root:filename: ./input/imagenet_val_1k/img/ILSVRC2012_val_00025800.JPEG, res: (390, 0.3192142844200134)
INFO:root:filename: ./input/imagenet_val_1k/img/ILSVRC2012_val_00041133.JPEG, res: (202, 0.3040216267108917)
INFO:root:filename: ./input/imagenet_val_1k/img/ILSVRC2012_val_00033974.JPEG, res: (117, 0.5414856672286987)
INFO:root:filename: ./input/imagenet_val_1k/img/ILSVRC2012_val_00006707.JPEG, res: (583, 0.40050193667411804)
INFO:root:filename: ./input/imagenet_val_1k/img/ILSVRC2012_val_00039870.JPEG, res: (200, 0.28571611642837524)
INFO:root:filename: ./input/imagenet_val_1k/img/ILSVRC2012_val_00031865.JPEG, res: (274, 0.5465225577354431)
INFO:root:filename: ./input/imagenet_val_1k/img/ILSVRC2012_val_00007272.JPEG, res: (495, 0.43635469675064087)
INFO:root:filename: ./input/imagenet_val_1k/img/ILSVRC2012_val_00016291.JPEG, res: (787, 0.5404617786407471)
INFO:root:filename: ./input/imagenet_val_1k/img/ILSVRC2012_val_00043029.JPEG, res: (698, 0.5926828384399414)
INFO:root:filename: ./input/imagenet_val_1k/img/ILSVRC2012_val_00006022.JPEG, res: (559, 0.040120817720890045)
INFO:root:filename: ./input/imagenet_val_1k/img/ILSVRC2012_val_00005523.JPEG, res: (452, 0.15568269789218903)
INFO:root:filename: ./input/imagenet_val_1k/img/ILSVRC2012_val_00008912.JPEG, res: (895, 0.29693856835365295)
INFO:root:filename: ./input/imagenet_val_1k/img/ILSVRC2012_val_00045436.JPEG, res: (221, 0.33885806798934937)
INFO:root:filename: ./input/imagenet_val_1k/img/ILSVRC2012_val_00026658.JPEG, res: (955, 0.6047960519790649)
INFO:root:filename: ./input/imagenet_val_1k/img/ILSVRC2012_val_00042134.JPEG, res: (57, 0.37878525257110596)
INFO:root:filename: ./input/imagenet_val_1k/img/ILSVRC2012_val_00044405.JPEG, res: (455, 0.07064588367938995)
INFO:root:filename: ./input/imagenet_val_1k/img/ILSVRC2012_val_00034572.JPEG, res: (338, 0.48242098093032837)
INFO:root:filename: ./input/imagenet_val_1k/img/ILSVRC2012_val_00026500.JPEG, res: (45, 0.676077127456665)
INFO:root:filename: ./input/imagenet_val_1k/img/ILSVRC2012_val_00029935.JPEG, res: (971, 0.43314167857170105)
INFO:root:filename: ./input/imagenet_val_1k/img/ILSVRC2012_val_00039493.JPEG, res: (550, 0.6313832402229309)
INFO:root:filename: ./input/imagenet_val_1k/img/ILSVRC2012_val_00034850.JPEG, res: (782, 0.31457674503326416)
INFO:root:filename: ./input/imagenet_val_1k/img/ILSVRC2012_val_00049152.JPEG, res: (310, 0.40150099992752075)
INFO:root:filename: ./input/imagenet_val_1k/img/ILSVRC2012_val_00039432.JPEG, res: (999, 0.1464586853981018)
INFO:root:filename: ./input/imagenet_val_1k/img/ILSVRC2012_val_00025216.JPEG, res: (616, 0.09436163306236267)
INFO:root:filename: ./input/imagenet_val_1k/img/ILSVRC2012_val_00007923.JPEG, res: (105, 0.26225242018699646)
INFO:root:filename: ./input/imagenet_val_1k/img/ILSVRC2012_val_00009973.JPEG, res: (945, 0.46294593811035156)
INFO:root:filename: ./input/imagenet_val_1k/img/ILSVRC2012_val_00025597.JPEG, res: (613, 0.45354601740837097)
INFO:root:filename: ./input/imagenet_val_1k/img/ILSVRC2012_val_00012346.JPEG, res: (346, 0.5149394869804382)
INFO:root:filename: ./input/imagenet_val_1k/img/ILSVRC2012_val_00037514.JPEG, res: (722, 0.5810000896453857)
INFO:root:filename: ./input/imagenet_val_1k/img/ILSVRC2012_val_00027713.JPEG, res: (753, 0.42793574929237366)
INFO:root:filename: ./input/imagenet_val_1k/img/ILSVRC2012_val_00015209.JPEG, res: (954, 0.19065386056900024)
INFO:root:filename: ./input/imagenet_val_1k/img/ILSVRC2012_val_00007988.JPEG, res: (145, 0.4940924346446991)
INFO:root:filename: ./input/imagenet_val_1k/img/ILSVRC2012_val_00007411.JPEG, res: (279, 0.46476641297340393)
INFO:root:filename: ./input/imagenet_val_1k/img/ILSVRC2012_val_00005171.JPEG, res: (373, 0.3138403594493866)
INFO:root:filename: ./input/imagenet_val_1k/img/ILSVRC2012_val_00042894.JPEG, res: (34, 0.4995768368244171)
INFO:root:filename: ./input/imagenet_val_1k/img/ILSVRC2012_val_00044465.JPEG, res: (733, 0.6645382046699524)
INFO:root:filename: ./input/imagenet_val_1k/img/ILSVRC2012_val_00007190.JPEG, res: (243, 0.545295000076294)
INFO:root:filename: ./input/imagenet_val_1k/img/ILSVRC2012_val_00000538.JPEG, res: (896, 0.673577070236206)
INFO:root:filename: ./input/imagenet_val_1k/img/ILSVRC2012_val_00012227.JPEG, res: (707, 0.35492441058158875)
INFO:root:filename: ./input/imagenet_val_1k/img/ILSVRC2012_val_00049905.JPEG, res: (116, 0.39170321822166443)
INFO:root:filename: ./input/imagenet_val_1k/img/ILSVRC2012_val_00030989.JPEG, res: (787, 0.17958466708660126)
INFO:root:filename: ./input/imagenet_val_1k/img/ILSVRC2012_val_00048858.JPEG, res: (217, 0.3173663318157196)
INFO:root:filename: ./input/imagenet_val_1k/img/ILSVRC2012_val_00028738.JPEG, res: (638, 0.2781636118888855)
INFO:root:filename: ./input/imagenet_val_1k/img/ILSVRC2012_val_00042598.JPEG, res: (529, 0.826481282711029)
INFO:root:filename: ./input/imagenet_val_1k/img/ILSVRC2012_val_00032148.JPEG, res: (228, 0.4909301698207855)
INFO:root:filename: ./input/imagenet_val_1k/img/ILSVRC2012_val_00028137.JPEG, res: (458, 0.48193082213401794)
INFO:root:filename: ./input/imagenet_val_1k/img/ILSVRC2012_val_00030104.JPEG, res: (745, 0.18546506762504578)
INFO:root:filename: ./input/imagenet_val_1k/img/ILSVRC2012_val_00034823.JPEG, res: (198, 0.4390859603881836)
INFO:root:filename: ./input/imagenet_val_1k/img/ILSVRC2012_val_00036258.JPEG, res: (398, 0.4017104208469391)
INFO:root:filename: ./input/imagenet_val_1k/img/ILSVRC2012_val_00041698.JPEG, res: (446, 0.049103088676929474)
INFO:root:filename: ./input/imagenet_val_1k/img/ILSVRC2012_val_00005592.JPEG, res: (847, 0.3505295217037201)
INFO:root:filename: ./input/imagenet_val_1k/img/ILSVRC2012_val_00033069.JPEG, res: (559, 0.2532360553741455)
INFO:root:filename: ./input/imagenet_val_1k/img/ILSVRC2012_val_00037634.JPEG, res: (265, 0.3403328061103821)
INFO:root:filename: ./input/imagenet_val_1k/img/ILSVRC2012_val_00002888.JPEG, res: (864, 0.44025424122810364)
INFO:root:filename: ./input/imagenet_val_1k/img/ILSVRC2012_val_00047486.JPEG, res: (822, 0.3688954710960388)
INFO:root:filename: ./input/imagenet_val_1k/img/ILSVRC2012_val_00041081.JPEG, res: (251, 0.4879363179206848)
INFO:root:filename: ./input/imagenet_val_1k/img/ILSVRC2012_val_00031550.JPEG, res: (45, 0.7683664560317993)
INFO:root:filename: ./input/imagenet_val_1k/img/ILSVRC2012_val_00016675.JPEG, res: (570, 0.34514641761779785)
INFO:root:filename: ./input/imagenet_val_1k/img/ILSVRC2012_val_00034138.JPEG, res: (774, 0.6953102350234985)
INFO:root:filename: ./input/imagenet_val_1k/img/ILSVRC2012_val_00007492.JPEG, res: (875, 0.5322265625)
INFO:root:filename: ./input/imagenet_val_1k/img/ILSVRC2012_val_00034405.JPEG, res: (24, 0.4722243547439575)
INFO:root:filename: ./input/imagenet_val_1k/img/ILSVRC2012_val_00034213.JPEG, res: (126, 0.16544882953166962)
INFO:root:filename: ./input/imagenet_val_1k/img/ILSVRC2012_val_00021701.JPEG, res: (352, 0.23863989114761353)
INFO:root:filename: ./input/imagenet_val_1k/img/ILSVRC2012_val_00049720.JPEG, res: (977, 0.42651861906051636)
INFO:root:filename: ./input/imagenet_val_1k/img/ILSVRC2012_val_00011710.JPEG, res: (358, 0.346250057220459)
INFO:root:filename: ./input/imagenet_val_1k/img/ILSVRC2012_val_00011162.JPEG, res: (825, 0.4408135712146759)
INFO:root:filename: ./input/imagenet_val_1k/img/ILSVRC2012_val_00005137.JPEG, res: (323, 0.5163410902023315)
INFO:root:filename: ./input/imagenet_val_1k/img/ILSVRC2012_val_00026263.JPEG, res: (102, 0.425759494304657)
INFO:root:filename: ./input/imagenet_val_1k/img/ILSVRC2012_val_00007757.JPEG, res: (305, 0.39657214283943176)
INFO:root:filename: ./input/imagenet_val_1k/img/ILSVRC2012_val_00007500.JPEG, res: (864, 0.6522604823112488)
INFO:root:filename: ./input/imagenet_val_1k/img/ILSVRC2012_val_00039930.JPEG, res: (659, 0.3613564670085907)
INFO:root:filename: ./input/imagenet_val_1k/img/ILSVRC2012_val_00014325.JPEG, res: (666, 0.3234039843082428)
INFO:root:filename: ./input/imagenet_val_1k/img/ILSVRC2012_val_00009000.JPEG, res: (26, 0.38131439685821533)
INFO:root:filename: ./input/imagenet_val_1k/img/ILSVRC2012_val_00023087.JPEG, res: (895, 0.44306012988090515)
INFO:root:filename: ./input/imagenet_val_1k/img/ILSVRC2012_val_00017639.JPEG, res: (142, 0.4567047953605652)
INFO:root:filename: ./input/imagenet_val_1k/img/ILSVRC2012_val_00042381.JPEG, res: (699, 0.18907172977924347)
INFO:root:filename: ./input/imagenet_val_1k/img/ILSVRC2012_val_00006693.JPEG, res: (914, 0.5769593715667725)
INFO:root:filename: ./input/imagenet_val_1k/img/ILSVRC2012_val_00045851.JPEG, res: (842, 0.46466249227523804)
INFO:root:filename: ./input/imagenet_val_1k/img/ILSVRC2012_val_00040923.JPEG, res: (385, 0.15803994238376617)
INFO:root:filename: ./input/imagenet_val_1k/img/ILSVRC2012_val_00026228.JPEG, res: (269, 0.18872399628162384)
INFO:root:filename: ./input/imagenet_val_1k/img/ILSVRC2012_val_00017875.JPEG, res: (309, 0.21319769322872162)
INFO:root:filename: ./input/imagenet_val_1k/img/ILSVRC2012_val_00026289.JPEG, res: (494, 0.6573976874351501)
INFO:root:filename: ./input/imagenet_val_1k/img/ILSVRC2012_val_00026687.JPEG, res: (13, 0.38766157627105713)
INFO:root:filename: ./input/imagenet_val_1k/img/ILSVRC2012_val_00018725.JPEG, res: (722, 0.4095720946788788)
INFO:root:filename: ./input/imagenet_val_1k/img/ILSVRC2012_val_00000606.JPEG, res: (933, 0.06784037500619888)
INFO:root:filename: ./input/imagenet_val_1k/img/ILSVRC2012_val_00008834.JPEG, res: (99, 0.1632687896490097)
INFO:root:filename: ./input/imagenet_val_1k/img/ILSVRC2012_val_00023752.JPEG, res: (932, 0.43673431873321533)
INFO:root:filename: ./input/imagenet_val_1k/img/ILSVRC2012_val_00033997.JPEG, res: (183, 0.4746722877025604)
INFO:root:filename: ./input/imagenet_val_1k/img/ILSVRC2012_val_00001707.JPEG, res: (607, 0.6536585092544556)
INFO:root:filename: ./input/imagenet_val_1k/img/ILSVRC2012_val_00021077.JPEG, res: (533, 0.5084574818611145)
INFO:root:filename: ./input/imagenet_val_1k/img/ILSVRC2012_val_00011541.JPEG, res: (42, 0.4945959448814392)
INFO:root:filename: ./input/imagenet_val_1k/img/ILSVRC2012_val_00025400.JPEG, res: (200, 0.5557940006256104)
INFO:root:filename: ./input/imagenet_val_1k/img/ILSVRC2012_val_00015223.JPEG, res: (10, 0.47721511125564575)
INFO:root:filename: ./input/imagenet_val_1k/img/ILSVRC2012_val_00000781.JPEG, res: (112, 0.37668630480766296)
INFO:root:filename: ./input/imagenet_val_1k/img/ILSVRC2012_val_00028304.JPEG, res: (937, 0.5199927091598511)
INFO:root:filename: ./input/imagenet_val_1k/img/ILSVRC2012_val_00005791.JPEG, res: (718, 0.27902376651763916)
INFO:root:filename: ./input/imagenet_val_1k/img/ILSVRC2012_val_00033817.JPEG, res: (77, 0.18264411389827728)
INFO:root:filename: ./input/imagenet_val_1k/img/ILSVRC2012_val_00048612.JPEG, res: (419, 0.05726977065205574)
INFO:root:filename: ./input/imagenet_val_1k/img/ILSVRC2012_val_00039220.JPEG, res: (140, 0.4473896622657776)
INFO:root:filename: ./input/imagenet_val_1k/img/ILSVRC2012_val_00026855.JPEG, res: (647, 0.06565700471401215)
INFO:root:filename: ./input/imagenet_val_1k/img/ILSVRC2012_val_00030159.JPEG, res: (410, 0.5948354005813599)
INFO:root:filename: ./input/imagenet_val_1k/img/ILSVRC2012_val_00028471.JPEG, res: (724, 0.4944530129432678)
INFO:root:filename: ./input/imagenet_val_1k/img/ILSVRC2012_val_00043494.JPEG, res: (211, 0.4628560245037079)
INFO:root:filename: ./input/imagenet_val_1k/img/ILSVRC2012_val_00016981.JPEG, res: (138, 0.22007177770137787)
INFO:root:filename: ./input/imagenet_val_1k/img/ILSVRC2012_val_00016945.JPEG, res: (627, 0.40061187744140625)
INFO:root:filename: ./input/imagenet_val_1k/img/ILSVRC2012_val_00000509.JPEG, res: (576, 0.16524991393089294)
INFO:root:filename: ./input/imagenet_val_1k/img/ILSVRC2012_val_00041825.JPEG, res: (788, 0.41158413887023926)
INFO:root:filename: ./input/imagenet_val_1k/img/ILSVRC2012_val_00029166.JPEG, res: (565, 0.46314936876296997)
INFO:root:filename: ./input/imagenet_val_1k/img/ILSVRC2012_val_00024116.JPEG, res: (417, 0.6031768321990967)
INFO:root:filename: ./input/imagenet_val_1k/img/ILSVRC2012_val_00028359.JPEG, res: (494, 0.16586817800998688)
INFO:root:filename: ./input/imagenet_val_1k/img/ILSVRC2012_val_00005869.JPEG, res: (770, 0.5753881931304932)
INFO:root:filename: ./input/imagenet_val_1k/img/ILSVRC2012_val_00009516.JPEG, res: (986, 0.5029148459434509)
INFO:root:filename: ./input/imagenet_val_1k/img/ILSVRC2012_val_00032768.JPEG, res: (428, 0.09784509241580963)
INFO:root:filename: ./input/imagenet_val_1k/img/ILSVRC2012_val_00003923.JPEG, res: (614, 0.5352535843849182)
INFO:root:filename: ./input/imagenet_val_1k/img/ILSVRC2012_val_00036641.JPEG, res: (621, 0.4691310524940491)
INFO:root:filename: ./input/imagenet_val_1k/img/ILSVRC2012_val_00016088.JPEG, res: (837, 0.2573176324367523)
INFO:root:filename: ./input/imagenet_val_1k/img/ILSVRC2012_val_00039292.JPEG, res: (753, 0.6565315127372742)
INFO:root:filename: ./input/imagenet_val_1k/img/ILSVRC2012_val_00008119.JPEG, res: (219, 0.4744213819503784)
INFO:root:filename: ./input/imagenet_val_1k/img/ILSVRC2012_val_00020484.JPEG, res: (158, 0.25246548652648926)
INFO:root:filename: ./input/imagenet_val_1k/img/ILSVRC2012_val_00008186.JPEG, res: (84, 0.4015568196773529)
INFO:root:filename: ./input/imagenet_val_1k/img/ILSVRC2012_val_00003035.JPEG, res: (338, 0.4955492615699768)
INFO:root:filename: ./input/imagenet_val_1k/img/ILSVRC2012_val_00049793.JPEG, res: (572, 0.22793081402778625)
INFO:root:filename: ./input/imagenet_val_1k/img/ILSVRC2012_val_00021415.JPEG, res: (485, 0.23810769617557526)
INFO:root:filename: ./input/imagenet_val_1k/img/ILSVRC2012_val_00023648.JPEG, res: (484, 0.3462466299533844)
INFO:root:filename: ./input/imagenet_val_1k/img/ILSVRC2012_val_00044433.JPEG, res: (532, 0.635627269744873)
INFO:root:filename: ./input/imagenet_val_1k/img/ILSVRC2012_val_00042108.JPEG, res: (896, 0.15780821442604065)
INFO:root:filename: ./input/imagenet_val_1k/img/ILSVRC2012_val_00002216.JPEG, res: (251, 0.407144159078598)
INFO:root:filename: ./input/imagenet_val_1k/img/ILSVRC2012_val_00007782.JPEG, res: (223, 0.2218039333820343)
INFO:root:filename: ./input/imagenet_val_1k/img/ILSVRC2012_val_00030383.JPEG, res: (721, 0.12504637241363525)
INFO:root:filename: ./input/imagenet_val_1k/img/ILSVRC2012_val_00013315.JPEG, res: (595, 0.21483579277992249)
INFO:root:filename: ./input/imagenet_val_1k/img/ILSVRC2012_val_00047406.JPEG, res: (103, 0.7116400003433228)
INFO:root:filename: ./input/imagenet_val_1k/img/ILSVRC2012_val_00022107.JPEG, res: (860, 0.16337719559669495)
INFO:root:filename: ./input/imagenet_val_1k/img/ILSVRC2012_val_00025170.JPEG, res: (176, 0.6585744023323059)
INFO:root:filename: ./input/imagenet_val_1k/img/ILSVRC2012_val_00001885.JPEG, res: (350, 0.47940731048583984)
INFO:root:filename: ./input/imagenet_val_1k/img/ILSVRC2012_val_00028138.JPEG, res: (805, 0.4851861596107483)
INFO:root:filename: ./input/imagenet_val_1k/img/ILSVRC2012_val_00028060.JPEG, res: (607, 0.613503098487854)
INFO:root:filename: ./input/imagenet_val_1k/img/ILSVRC2012_val_00009113.JPEG, res: (339, 0.41599246859550476)
INFO:root:filename: ./input/imagenet_val_1k/img/ILSVRC2012_val_00001748.JPEG, res: (979, 0.12084979563951492)
INFO:root:filename: ./input/imagenet_val_1k/img/ILSVRC2012_val_00005608.JPEG, res: (974, 0.17534364759922028)
INFO:root:filename: ./input/imagenet_val_1k/img/ILSVRC2012_val_00043509.JPEG, res: (96, 0.530419111251831)
INFO:root:filename: ./input/imagenet_val_1k/img/ILSVRC2012_val_00010599.JPEG, res: (896, 0.8173131942749023)
INFO:root:filename: ./input/imagenet_val_1k/img/ILSVRC2012_val_00010241.JPEG, res: (280, 0.3502102196216583)
INFO:root:filename: ./input/imagenet_val_1k/img/ILSVRC2012_val_00008825.JPEG, res: (586, 0.7827252149581909)
INFO:root:filename: ./input/imagenet_val_1k/img/ILSVRC2012_val_00015976.JPEG, res: (500, 0.4372127056121826)
INFO:root:filename: ./input/imagenet_val_1k/img/ILSVRC2012_val_00015539.JPEG, res: (965, 0.5357393026351929)
INFO:root:filename: ./input/imagenet_val_1k/img/ILSVRC2012_val_00047387.JPEG, res: (643, 0.14178885519504547)
INFO:root:filename: ./input/imagenet_val_1k/img/ILSVRC2012_val_00041238.JPEG, res: (532, 0.48239079117774963)
INFO:root:filename: ./input/imagenet_val_1k/img/ILSVRC2012_val_00004315.JPEG, res: (8, 0.6830927133560181)
INFO:root:filename: ./input/imagenet_val_1k/img/ILSVRC2012_val_00037355.JPEG, res: (617, 0.10913318395614624)
INFO:root:filename: ./input/imagenet_val_1k/img/ILSVRC2012_val_00029702.JPEG, res: (111, 0.47237417101860046)
INFO:root:filename: ./input/imagenet_val_1k/img/ILSVRC2012_val_00023569.JPEG, res: (256, 0.44165101647377014)
INFO:root:filename: ./input/imagenet_val_1k/img/ILSVRC2012_val_00049964.JPEG, res: (929, 0.3406389355659485)
INFO:root:filename: ./input/imagenet_val_1k/img/ILSVRC2012_val_00019356.JPEG, res: (172, 0.050191525369882584)
INFO:root:filename: ./input/imagenet_val_1k/img/ILSVRC2012_val_00020584.JPEG, res: (705, 0.5481181144714355)
INFO:root:filename: ./input/imagenet_val_1k/img/ILSVRC2012_val_00016934.JPEG, res: (26, 0.17214834690093994)
INFO:root:filename: ./input/imagenet_val_1k/img/ILSVRC2012_val_00038042.JPEG, res: (546, 0.11888601630926132)
INFO:root:filename: ./input/imagenet_val_1k/img/ILSVRC2012_val_00031248.JPEG, res: (498, 0.15998952090740204)
INFO:root:filename: ./input/imagenet_val_1k/img/ILSVRC2012_val_00037347.JPEG, res: (213, 0.09713825583457947)
INFO:root:filename: ./input/imagenet_val_1k/img/ILSVRC2012_val_00010690.JPEG, res: (555, 0.2812637388706207)
INFO:root:filename: ./input/imagenet_val_1k/img/ILSVRC2012_val_00016479.JPEG, res: (541, 0.1735229641199112)
INFO:root:filename: ./input/imagenet_val_1k/img/ILSVRC2012_val_00040054.JPEG, res: (749, 0.043290890753269196)
INFO:root:filename: ./input/imagenet_val_1k/img/ILSVRC2012_val_00036869.JPEG, res: (776, 0.3025192320346832)
INFO:root:filename: ./input/imagenet_val_1k/img/ILSVRC2012_val_00036593.JPEG, res: (955, 0.4575677812099457)
INFO:root:filename: ./input/imagenet_val_1k/img/ILSVRC2012_val_00008884.JPEG, res: (461, 0.4985082447528839)
INFO:root:filename: ./input/imagenet_val_1k/img/ILSVRC2012_val_00047697.JPEG, res: (741, 0.6154846549034119)
INFO:root:filename: ./input/imagenet_val_1k/img/ILSVRC2012_val_00004394.JPEG, res: (343, 0.18365377187728882)
INFO:root:filename: ./input/imagenet_val_1k/img/ILSVRC2012_val_00002720.JPEG, res: (114, 0.47731488943099976)
INFO:root:filename: ./input/imagenet_val_1k/img/ILSVRC2012_val_00009311.JPEG, res: (972, 0.2570631504058838)
INFO:root:filename: ./input/imagenet_val_1k/img/ILSVRC2012_val_00032867.JPEG, res: (342, 0.31307879090309143)
INFO:root:filename: ./input/imagenet_val_1k/img/ILSVRC2012_val_00024812.JPEG, res: (995, 0.3318651616573334)
INFO:root:filename: ./input/imagenet_val_1k/img/ILSVRC2012_val_00042873.JPEG, res: (840, 0.35242199897766113)
INFO:root:filename: ./input/imagenet_val_1k/img/ILSVRC2012_val_00038822.JPEG, res: (881, 0.625261127948761)
INFO:root:filename: ./input/imagenet_val_1k/img/ILSVRC2012_val_00036216.JPEG, res: (446, 0.8403736352920532)
INFO:root:filename: ./input/imagenet_val_1k/img/ILSVRC2012_val_00030898.JPEG, res: (548, 0.37504714727401733)
INFO:root:filename: ./input/imagenet_val_1k/img/ILSVRC2012_val_00004013.JPEG, res: (386, 0.2624794840812683)
INFO:root:filename: ./input/imagenet_val_1k/img/ILSVRC2012_val_00024840.JPEG, res: (367, 0.2643602788448334)
INFO:root:filename: ./input/imagenet_val_1k/img/ILSVRC2012_val_00033102.JPEG, res: (768, 0.3593789041042328)
INFO:root:filename: ./input/imagenet_val_1k/img/ILSVRC2012_val_00039600.JPEG, res: (624, 0.8358671069145203)
INFO:root:filename: ./input/imagenet_val_1k/img/ILSVRC2012_val_00001770.JPEG, res: (603, 0.40654057264328003)
INFO:root:filename: ./input/imagenet_val_1k/img/ILSVRC2012_val_00045188.JPEG, res: (54, 0.4464176297187805)
INFO:root:filename: ./input/imagenet_val_1k/img/ILSVRC2012_val_00007661.JPEG, res: (109, 0.3436199426651001)
INFO:root:filename: ./input/imagenet_val_1k/img/ILSVRC2012_val_00012136.JPEG, res: (612, 0.4657413363456726)
INFO:root:filename: ./input/imagenet_val_1k/img/ILSVRC2012_val_00017432.JPEG, res: (557, 0.5625485181808472)
INFO:root:filename: ./input/imagenet_val_1k/img/ILSVRC2012_val_00039370.JPEG, res: (74, 0.5590830445289612)
INFO:root:filename: ./input/imagenet_val_1k/img/ILSVRC2012_val_00038934.JPEG, res: (573, 0.40429073572158813)
INFO:root:filename: ./input/imagenet_val_1k/img/ILSVRC2012_val_00029586.JPEG, res: (860, 0.512028694152832)
INFO:root:filename: ./input/imagenet_val_1k/img/ILSVRC2012_val_00037370.JPEG, res: (765, 0.13320738077163696)
INFO:root:filename: ./input/imagenet_val_1k/img/ILSVRC2012_val_00020664.JPEG, res: (78, 0.2346637099981308)
INFO:root:filename: ./input/imagenet_val_1k/img/ILSVRC2012_val_00037004.JPEG, res: (290, 0.39500972628593445)
INFO:root:filename: ./input/imagenet_val_1k/img/ILSVRC2012_val_00022933.JPEG, res: (828, 0.6521919369697571)
INFO:root:filename: ./input/imagenet_val_1k/img/ILSVRC2012_val_00027851.JPEG, res: (48, 0.44083335995674133)
INFO:root:filename: ./input/imagenet_val_1k/img/ILSVRC2012_val_00042212.JPEG, res: (703, 0.3887915015220642)
INFO:root:filename: ./input/imagenet_val_1k/img/ILSVRC2012_val_00021473.JPEG, res: (241, 0.097539521753788)
INFO:root:filename: ./input/imagenet_val_1k/img/ILSVRC2012_val_00024000.JPEG, res: (282, 0.1636984795331955)
INFO:root:filename: ./input/imagenet_val_1k/img/ILSVRC2012_val_00032590.JPEG, res: (694, 0.45239096879959106)
INFO:root:filename: ./input/imagenet_val_1k/img/ILSVRC2012_val_00018504.JPEG, res: (884, 0.6822671294212341)
INFO:root:filename: ./input/imagenet_val_1k/img/ILSVRC2012_val_00045597.JPEG, res: (727, 0.3532773554325104)
INFO:root:filename: ./input/imagenet_val_1k/img/ILSVRC2012_val_00008488.JPEG, res: (226, 0.15780669450759888)
INFO:root:filename: ./input/imagenet_val_1k/img/ILSVRC2012_val_00000908.JPEG, res: (41, 0.4842452108860016)
INFO:root:filename: ./input/imagenet_val_1k/img/ILSVRC2012_val_00043338.JPEG, res: (751, 0.3109986484050751)
INFO:root:filename: ./input/imagenet_val_1k/img/ILSVRC2012_val_00015235.JPEG, res: (502, 0.6859802007675171)
INFO:root:filename: ./input/imagenet_val_1k/img/ILSVRC2012_val_00037914.JPEG, res: (621, 0.07452952116727829)
INFO:root:filename: ./input/imagenet_val_1k/img/ILSVRC2012_val_00024614.JPEG, res: (809, 0.3652938902378082)
INFO:root:filename: ./input/imagenet_val_1k/img/ILSVRC2012_val_00039711.JPEG, res: (185, 0.37814444303512573)
INFO:root:filename: ./input/imagenet_val_1k/img/ILSVRC2012_val_00037458.JPEG, res: (526, 0.31076040863990784)
INFO:root:filename: ./input/imagenet_val_1k/img/ILSVRC2012_val_00004021.JPEG, res: (77, 0.3665964901447296)
INFO:root:filename: ./input/imagenet_val_1k/img/ILSVRC2012_val_00014881.JPEG, res: (338, 0.3197237253189087)
INFO:root:filename: ./input/imagenet_val_1k/img/ILSVRC2012_val_00035803.JPEG, res: (482, 0.3167899250984192)
INFO:root:filename: ./input/imagenet_val_1k/img/ILSVRC2012_val_00026535.JPEG, res: (804, 0.17379070818424225)
INFO:root:filename: ./input/imagenet_val_1k/img/ILSVRC2012_val_00017381.JPEG, res: (62, 0.4791584312915802)
INFO:root:filename: ./input/imagenet_val_1k/img/ILSVRC2012_val_00028179.JPEG, res: (689, 0.0800892785191536)
INFO:root:filename: ./input/imagenet_val_1k/img/ILSVRC2012_val_00021247.JPEG, res: (820, 0.36474305391311646)
INFO:root:filename: ./input/imagenet_val_1k/img/ILSVRC2012_val_00032047.JPEG, res: (256, 0.2911525368690491)
INFO:root:filename: ./input/imagenet_val_1k/img/ILSVRC2012_val_00015990.JPEG, res: (160, 0.5187001824378967)
INFO:root:filename: ./input/imagenet_val_1k/img/ILSVRC2012_val_00023282.JPEG, res: (908, 0.48655638098716736)
INFO:root:filename: ./input/imagenet_val_1k/img/ILSVRC2012_val_00030540.JPEG, res: (216, 0.7440383434295654)
INFO:root:filename: ./input/imagenet_val_1k/img/ILSVRC2012_val_00031116.JPEG, res: (114, 0.5070157647132874)
INFO:root:filename: ./input/imagenet_val_1k/img/ILSVRC2012_val_00013851.JPEG, res: (437, 0.06093130260705948)
INFO:root:filename: ./input/imagenet_val_1k/img/ILSVRC2012_val_00025651.JPEG, res: (128, 0.5621659755706787)
INFO:root:filename: ./input/imagenet_val_1k/img/ILSVRC2012_val_00016152.JPEG, res: (135, 0.4370569586753845)
INFO:root:filename: ./input/imagenet_val_1k/img/ILSVRC2012_val_00025131.JPEG, res: (717, 0.47092220187187195)
INFO:root:filename: ./input/imagenet_val_1k/img/ILSVRC2012_val_00011610.JPEG, res: (534, 0.5477623343467712)
INFO:root:filename: ./input/imagenet_val_1k/img/ILSVRC2012_val_00030633.JPEG, res: (221, 0.25562798976898193)
INFO:root:filename: ./input/imagenet_val_1k/img/ILSVRC2012_val_00011131.JPEG, res: (27, 0.5103904008865356)
INFO:root:filename: ./input/imagenet_val_1k/img/ILSVRC2012_val_00005546.JPEG, res: (671, 0.561938464641571)
INFO:root:filename: ./input/imagenet_val_1k/img/ILSVRC2012_val_00021935.JPEG, res: (301, 0.44679298996925354)
INFO:root:filename: ./input/imagenet_val_1k/img/ILSVRC2012_val_00032739.JPEG, res: (821, 0.2978130280971527)
INFO:root:filename: ./input/imagenet_val_1k/img/ILSVRC2012_val_00022293.JPEG, res: (887, 0.4070728123188019)
INFO:root:filename: ./input/imagenet_val_1k/img/ILSVRC2012_val_00037831.JPEG, res: (130, 0.511252760887146)
INFO:root:filename: ./input/imagenet_val_1k/img/ILSVRC2012_val_00023113.JPEG, res: (189, 0.2133314311504364)
INFO:root:filename: ./input/imagenet_val_1k/img/ILSVRC2012_val_00035254.JPEG, res: (11, 0.38768255710601807)
INFO:root:filename: ./input/imagenet_val_1k/img/ILSVRC2012_val_00010541.JPEG, res: (434, 0.08988775312900543)
INFO:root:filename: ./input/imagenet_val_1k/img/ILSVRC2012_val_00006308.JPEG, res: (931, 0.5924283266067505)
INFO:root:filename: ./input/imagenet_val_1k/img/ILSVRC2012_val_00028389.JPEG, res: (525, 0.23456738889217377)
INFO:root:filename: ./input/imagenet_val_1k/img/ILSVRC2012_val_00031038.JPEG, res: (518, 0.221114844083786)
INFO:root:filename: ./input/imagenet_val_1k/img/ILSVRC2012_val_00020727.JPEG, res: (367, 0.4236910343170166)
INFO:root:filename: ./input/imagenet_val_1k/img/ILSVRC2012_val_00006372.JPEG, res: (91, 0.2386128455400467)
INFO:root:filename: ./input/imagenet_val_1k/img/ILSVRC2012_val_00010614.JPEG, res: (953, 0.5639724135398865)
INFO:root:filename: ./input/imagenet_val_1k/img/ILSVRC2012_val_00002241.JPEG, res: (1, 0.08253214508295059)
INFO:root:filename: ./input/imagenet_val_1k/img/ILSVRC2012_val_00044387.JPEG, res: (206, 0.23011744022369385)
INFO:root:filename: ./input/imagenet_val_1k/img/ILSVRC2012_val_00030102.JPEG, res: (141, 0.3889841139316559)
INFO:root:filename: ./input/imagenet_val_1k/img/ILSVRC2012_val_00007071.JPEG, res: (162, 0.29391688108444214)
INFO:root:filename: ./input/imagenet_val_1k/img/ILSVRC2012_val_00004306.JPEG, res: (7, 0.2556527256965637)
INFO:root:filename: ./input/imagenet_val_1k/img/ILSVRC2012_val_00040472.JPEG, res: (643, 0.6566687822341919)
INFO:root:filename: ./input/imagenet_val_1k/img/ILSVRC2012_val_00044862.JPEG, res: (28, 0.2926763594150543)
INFO:root:filename: ./input/imagenet_val_1k/img/ILSVRC2012_val_00048882.JPEG, res: (905, 0.11309623718261719)
INFO:root:filename: ./input/imagenet_val_1k/img/ILSVRC2012_val_00033329.JPEG, res: (890, 0.4082506000995636)
INFO:root:filename: ./input/imagenet_val_1k/img/ILSVRC2012_val_00004235.JPEG, res: (99, 0.4745369553565979)
INFO:root:filename: ./input/imagenet_val_1k/img/ILSVRC2012_val_00047705.JPEG, res: (701, 0.3907528817653656)
INFO:root:filename: ./input/imagenet_val_1k/img/ILSVRC2012_val_00039159.JPEG, res: (73, 0.4088473916053772)
INFO:root:filename: ./input/imagenet_val_1k/img/ILSVRC2012_val_00040679.JPEG, res: (217, 0.4221016764640808)
INFO:root:filename: ./input/imagenet_val_1k/img/ILSVRC2012_val_00033276.JPEG, res: (805, 0.35370272397994995)
INFO:root:filename: ./input/imagenet_val_1k/img/ILSVRC2012_val_00022650.JPEG, res: (713, 0.42015913128852844)
INFO:root:filename: ./input/imagenet_val_1k/img/ILSVRC2012_val_00046917.JPEG, res: (18, 0.38768625259399414)
INFO:root:filename: ./input/imagenet_val_1k/img/ILSVRC2012_val_00022934.JPEG, res: (183, 0.46074774861335754)
INFO:root:filename: ./input/imagenet_val_1k/img/ILSVRC2012_val_00024739.JPEG, res: (530, 0.5295889973640442)
INFO:root:filename: ./input/imagenet_val_1k/img/ILSVRC2012_val_00004598.JPEG, res: (124, 0.524596095085144)
INFO:root:filename: ./input/imagenet_val_1k/img/ILSVRC2012_val_00035136.JPEG, res: (335, 0.41613054275512695)
INFO:root:filename: ./input/imagenet_val_1k/img/ILSVRC2012_val_00006637.JPEG, res: (919, 0.3553653955459595)
INFO:root:filename: ./input/imagenet_val_1k/img/ILSVRC2012_val_00025029.JPEG, res: (576, 0.4077266752719879)
INFO:root:filename: ./input/imagenet_val_1k/img/ILSVRC2012_val_00023376.JPEG, res: (562, 0.35691362619400024)
INFO:root:filename: ./input/imagenet_val_1k/img/ILSVRC2012_val_00026159.JPEG, res: (958, 0.6879259347915649)
INFO:root:filename: ./input/imagenet_val_1k/img/ILSVRC2012_val_00005640.JPEG, res: (613, 0.052607130259275436)
INFO:root:filename: ./input/imagenet_val_1k/img/ILSVRC2012_val_00000958.JPEG, res: (336, 0.21358565986156464)
INFO:root:filename: ./input/imagenet_val_1k/img/ILSVRC2012_val_00011360.JPEG, res: (959, 0.42443186044692993)
INFO:root:filename: ./input/imagenet_val_1k/img/ILSVRC2012_val_00021116.JPEG, res: (459, 0.4226745665073395)
INFO:root:filename: ./input/imagenet_val_1k/img/ILSVRC2012_val_00036524.JPEG, res: (774, 0.0729411393404007)
INFO:root:filename: ./input/imagenet_val_1k/img/ILSVRC2012_val_00018079.JPEG, res: (703, 0.6722555160522461)
INFO:root:filename: ./input/imagenet_val_1k/img/ILSVRC2012_val_00012238.JPEG, res: (392, 0.7252553701400757)
INFO:root:filename: ./input/imagenet_val_1k/img/ILSVRC2012_val_00047882.JPEG, res: (657, 0.2318015694618225)
INFO:root:filename: ./input/imagenet_val_1k/img/ILSVRC2012_val_00000918.JPEG, res: (397, 0.18592239916324615)
INFO:root:filename: ./input/imagenet_val_1k/img/ILSVRC2012_val_00019644.JPEG, res: (655, 0.2678779661655426)
INFO:root:filename: ./input/imagenet_val_1k/img/ILSVRC2012_val_00044922.JPEG, res: (57, 0.21572580933570862)
INFO:root:filename: ./input/imagenet_val_1k/img/ILSVRC2012_val_00013480.JPEG, res: (662, 0.2169116586446762)
INFO:root:filename: ./input/imagenet_val_1k/img/ILSVRC2012_val_00015305.JPEG, res: (753, 0.5089790225028992)
INFO:root:filename: ./input/imagenet_val_1k/img/ILSVRC2012_val_00011773.JPEG, res: (895, 0.3385193943977356)
INFO:root:filename: ./input/imagenet_val_1k/img/ILSVRC2012_val_00041938.JPEG, res: (849, 0.3845812976360321)
INFO:root:filename: ./input/imagenet_val_1k/img/ILSVRC2012_val_00012354.JPEG, res: (66, 0.6848176717758179)
INFO:root:filename: ./input/imagenet_val_1k/img/ILSVRC2012_val_00027467.JPEG, res: (562, 0.3531327545642853)
INFO:root:filename: ./input/imagenet_val_1k/img/ILSVRC2012_val_00012867.JPEG, res: (512, 0.6386197805404663)
INFO:root:filename: ./input/imagenet_val_1k/img/ILSVRC2012_val_00026362.JPEG, res: (16, 0.5114715695381165)
INFO:root:filename: ./input/imagenet_val_1k/img/ILSVRC2012_val_00004392.JPEG, res: (453, 0.4590412676334381)
INFO:root:filename: ./input/imagenet_val_1k/img/ILSVRC2012_val_00010085.JPEG, res: (410, 0.549098014831543)
INFO:root:filename: ./input/imagenet_val_1k/img/ILSVRC2012_val_00049892.JPEG, res: (412, 0.21544691920280457)
INFO:root:filename: ./input/imagenet_val_1k/img/ILSVRC2012_val_00030360.JPEG, res: (377, 0.07992716878652573)
INFO:root:filename: ./input/imagenet_val_1k/img/ILSVRC2012_val_00044967.JPEG, res: (583, 0.49961328506469727)
INFO:root:filename: ./input/imagenet_val_1k/img/ILSVRC2012_val_00025034.JPEG, res: (587, 0.40947774052619934)
INFO:root:filename: ./input/imagenet_val_1k/img/ILSVRC2012_val_00004873.JPEG, res: (6, 0.2888977527618408)
INFO:root:filename: ./input/imagenet_val_1k/img/ILSVRC2012_val_00037135.JPEG, res: (2, 0.451276570558548)
INFO:root:filename: ./input/imagenet_val_1k/img/ILSVRC2012_val_00014327.JPEG, res: (349, 0.3026842474937439)
INFO:root:filename: ./input/imagenet_val_1k/img/ILSVRC2012_val_00042089.JPEG, res: (527, 0.15070779621601105)
INFO:root:filename: ./input/imagenet_val_1k/img/ILSVRC2012_val_00047507.JPEG, res: (173, 0.29489707946777344)
INFO:root:filename: ./input/imagenet_val_1k/img/ILSVRC2012_val_00028425.JPEG, res: (268, 0.5741881728172302)
INFO:root:filename: ./input/imagenet_val_1k/img/ILSVRC2012_val_00012337.JPEG, res: (749, 0.40849363803863525)
INFO:root:result saved in ./results/resnet50_fp32_1b.bmodel_img_opencv_python_result.json
INFO:werkzeug:172.24.12.49 - - [20/Jul/2023 21:01:40] "POST /eval HTTP/1.1" 200 -
